league,season,team,player,league_id,season_id,team_id,player_id,position,matches,minutes,goals,xg,np_goals,np_xg,assists,xa,shots,key_passes,yellow_cards,red_cards,xg_chain,xg_buildup
ENG-Premier League,2526,Arsenal,Ben White,1,2025,83,7298,D S,12,703,0,0.28292371705174446,0,0.28292371705174446,1,1.557781394571066,5,8,0,0,4.4763969369232655,3.1786205284297466
ENG-Premier League,2526,Arsenal,Bukayo Saka,1,2025,83,7322,F M S,30,2149,7,8.538546209223568,6,7.777377371676266,4,8.053645815700293,68,61,2,0,18.949911922216415,7.946587711572647
ENG-Premier League,2526,Arsenal,Christian Nørgaard,1,2025,83,7083,S,6,44,0,0.048741746693849564,0,0.048741746693849564,0,0.0,1,0,0,0,0.5345648117363453,0.4858230650424957
ENG-Premier League,2526,Arsenal,Cristhian Mosquera,1,2025,83,10024,D S,18,796,0,0.08585410565137863,0,0.08585410565137863,0,0.1803088989108801,1,4,4,0,3.727935738861561,3.6377646028995514
ENG-Premier League,2526,Arsenal,David Raya,1,2025,83,9676,GK,36,3240,0,0.0,0,0.0,0,0.1493939720094204,0,3,1,0,6.412498269230127,6.3215070478618145
ENG-Premier League,2526,Arsenal,Declan Rice,1,2025,83,5553,D M S,35,3021,4,3.7209608871489763,4,3.7209608871489763,5,8.159449681639671,40,63,3,0,18.039001800119877,12.504962483420968
ENG-Premier League,2526,Arsenal,Eberechi Eze,1,2025,83,8706,F M S,31,1841,7,4.2352606896311045,7,4.2352606896311045,2,2.5972169917076826,59,16,1,0,9.609038759022951,3.9356217440217733
ENG-Premier League,2526,Arsenal,Ethan Nwaneri,1,2025,83,11132,S,6,154,0,0.3292111651971936,0,0.3292111651971936,0,0.048408184200525284,6,1,0,0,1.166222719475627,0.9847383946180344
ENG-Premier League,2526,Arsenal,Gabriel,1,2025,83,5613,D S,30,2617,3,4.6306407153606415,3,4.6306407153606415,4,2.7250300347805023,26,7,4,0,8.306263845413923,7.72214187681675
ENG-Premier League,2526,Arsenal,Gabriel Jesus,1,2025,83,5543,F S,13,317,2,2.7162354178726673,2,2.7162354178726673,0,0.16974298655986786,15,2,2,0,2.5458832271397114,0.7504283264279366
ENG-Premier League,2526,Arsenal,Gabriel Martinelli,1,2025,83,7752,F M S,28,934,1,4.891278065741062,1,4.891278065741062,3,1.9798184018582106,28,11,3,0,8.616854168474674,3.1708246041089296
ENG-Premier League,2526,Arsenal,Jurriën Timber,1,2025,83,11707,D S,30,2475,3,4.030840836465359,3,4.030840836465359,5,2.5891424333676696,25,28,5,0,11.438589019700885,8.65939543582499
ENG-Premier League,2526,Arsenal,Kai Havertz,1,2025,83,5220,F M S,10,466,1,3.5958170890808105,1,3.5958170890808105,2,0.22673123143613338,12,5,0,0,2.4408894143998623,0.5472460798919201
ENG-Premier League,2526,Arsenal,Leandro Trossard,1,2025,83,7698,F M S,30,1936,6,6.66257359739393,6,6.66257359739393,6,4.931021988391876,51,35,2,0,13.329620119184256,4.717554397881031
ENG-Premier League,2526,Arsenal,Martin Odegaard,1,2025,83,2517,M S,23,1257,1,1.1215255875140429,1,1.1215255875140429,6,4.917766118422151,21,37,0,0,11.349363904446363,7.301874028518796
ENG-Premier League,2526,Arsenal,Martín Zubimendi,1,2025,83,7526,M S,36,2949,5,2.944296659901738,5,2.944296659901738,1,1.0121820382773876,27,18,4,0,12.965363174676895,10.740014342591166
ENG-Premier League,2526,Arsenal,Max Dowman,1,2025,83,13872,S,5,77,1,0.6690445654094219,1,0.6690445654094219,0,0.1679699569940567,6,3,0,0,0.779290396720171,0.10965725407004356
ENG-Premier League,2526,Arsenal,Mikel Merino,1,2025,83,5304,F M S,21,977,4,4.551519326865673,4,4.551519326865673,3,2.2901399955153465,21,12,1,0,7.0440468192100525,3.1536439023911953
ENG-Premier League,2526,Arsenal,Myles Lewis-Skelly,1,2025,83,12272,D M S,18,561,0,0.12569395825266838,0,0.12569395825266838,0,0.17853078991174698,2,4,3,0,1.694330833852291,1.5354423262178898
ENG-Premier League,2526,Arsenal,Noni Madueke,1,2025,83,11357,F M S,25,1159,1,1.7923783138394356,1,1.7923783138394356,1,3.1155503503978252,21,19,0,0,5.6004799120128155,3.1895592361688614
ENG-Premier League,2526,Arsenal,Piero Hincapié,1,2025,83,9911,D S,23,1680,1,0.39727197121828794,1,0.39727197121828794,2,2.1274072602391243,2,13,2,0,7.262185364961624,5.681191109120846
ENG-Premier League,2526,Arsenal,Riccardo Calafiori,1,2025,83,8129,D S,24,1632,1,3.469513338059187,1,3.469513338059187,2,0.4729153495281935,32,6,5,0,7.450931556522846,5.910947112366557
ENG-Premier League,2526,Arsenal,Viktor Gyokeres,1,2025,83,7254,F S,34,2237,14,13.544255081564188,11,11.260748509317636,1,2.322424973361194,54,19,5,0,14.116713672876358,3.2595408838242292
ENG-Premier League,2526,Arsenal,William Saliba,1,2025,83,6888,D S,30,2519,1,1.5777585953474045,1,1.5777585953474045,0,1.306027840822935,5,10,2,0,10.797163631767035,10.281778583303094
ENG-Premier League,2526,Aston Villa,Alysson Edward,1,2025,71,14446,S,3,34,0,0.05279543623328209,0,0.05279543623328209,0,0.0,1,0,0,0,0.1039408203214407,0.05114538408815861
ENG-Premier League,2526,Aston Villa,Amadou Onana,1,2025,71,9667,M S,24,1779,2,2.772524105384946,2,2.772524105384946,0,0.5039298757910728,19,7,3,0,6.815283706411719,5.313166355714202
ENG-Premier League,2526,Aston Villa,Andrés García,1,2025,71,13392,S,5,33,0,0.0,0,0.0,0,0.0,0,0,0,0,0.43621760606765747,0.43621760606765747
ENG-Premier League,2526,Aston Villa,Boubacar Kamara,1,2025,71,5789,M S,18,1434,1,1.0521572744473815,1,1.0521572744473815,3,0.7290232917293906,7,15,5,0,5.69795267097652,4.270241666585207
ENG-Premier League,2526,Aston Villa,Bradley Burrowes,1,2025,71,13870,S,1,12,0,0.0,0,0.0,0,0.0,0,0,0,0,0.0,0.0
ENG-Premier League,2526,Aston Villa,Donyell Malen,1,2025,71,9749,F M S,21,600,4,4.73893653601408,4,4.73893653601408,1,0.36938193812966347,26,7,0,0,6.387579720467329,1.917095586657524
ENG-Premier League,2526,Aston Villa,Douglas Luiz,1,2025,71,6122,M S,19,859,1,0.70245710760355,1,0.70245710760355,0,1.8229417381808162,11,19,3,0,3.982346750795841,2.72243332862854
ENG-Premier League,2526,Aston Villa,Emiliano Buendía,1,2025,71,2203,M S,34,1600,6,3.6284728096798062,6,3.6284728096798062,2,2.7003309801220894,46,25,6,0,7.783689841628075,3.2805887311697006
ENG-Premier League,2526,Aston Villa,Emiliano Martinez,1,2025,71,4401,GK,31,2747,0,0.0,0,0.0,1,0.35384001582860947,0,2,2,0,4.440942797809839,4.087102811783552
ENG-Premier League,2526,Aston Villa,Evann Guessand,1,2025,71,8006,M S,19,894,1,1.8542680740356445,1,1.8542680740356445,2,1.2377337515354156,11,5,0,0,3.721524979919195,1.244725327938795
ENG-Premier League,2526,Aston Villa,Ezri Konsa Ngoyo,1,2025,71,7726,D,33,2946,0,1.0740509293973446,0,1.0740509293973446,0,0.6014871783554554,11,5,0,1,9.27856508269906,8.756037924438715
ENG-Premier League,2526,Aston Villa,George Hemmings,1,2025,71,14193,S,2,19,0,0.01938827894628048,0,0.01938827894628048,0,0.0,1,0,0,0,0.3816603980958462,0.36227211728692055
ENG-Premier League,2526,Aston Villa,Harvey Elliott,1,2025,71,7546,M S,5,110,0,0.2895753085613251,0,0.2895753085613251,0,0.09384871274232864,5,1,0,0,0.7380336094647646,0.41253812797367573
ENG-Premier League,2526,Aston Villa,Ian Maatsen,1,2025,71,11807,D S,28,1495,0,1.270693464204669,0,1.270693464204669,1,2.4876732137054205,19,23,2,0,4.887056251987815,3.6274870578199625
ENG-Premier League,2526,Aston Villa,Jadon Sancho,1,2025,71,6345,M S,22,859,0,0.7688718903809786,0,0.7688718903809786,2,2.0520169995725155,10,21,0,0,5.133643561974168,3.1838713753968477
ENG-Premier League,2526,Aston Villa,Jamaldeen Jimoh,1,2025,71,13310,S,1,5,0,0.0,0,0.0,0,0.0,0,0,0,0,0.3433566093444824,0.3433566093444824
ENG-Premier League,2526,Aston Villa,John McGinn,1,2025,71,7723,M S,28,2130,4,2.8919170759618282,4,2.8919170759618282,4,4.862495846115053,26,39,4,0,10.658152751624584,5.726875712163746
ENG-Premier League,2526,Aston Villa,Lamare Bogarde,1,2025,71,10025,D M S,27,935,0,0.0,0,0.0,0,0.04115242511034012,0,2,5,0,1.9570542350411415,1.915901817381382
ENG-Premier League,2526,Aston Villa,Leon Bailey,1,2025,71,5221,M S,12,347,0,0.32194944843649864,0,0.32194944843649864,1,1.1167646050453186,6,12,1,0,1.2284970916807652,0.5344387069344521
ENG-Premier League,2526,Aston Villa,Lucas Digne,1,2025,71,1823,D S,30,1767,0,0.6594502292573452,0,0.6594502292573452,5,3.0169610045850277,13,25,3,0,5.493407776579261,4.105402326211333
ENG-Premier League,2526,Aston Villa,Marco Bizot,1,2025,71,9614,GK S,6,493,0,0.0,0,0.0,0,0.0,0,0,1,0,1.0298098511993885,1.0298098511993885
ENG-Premier League,2526,Aston Villa,Matthew Cash,1,2025,71,8864,D,33,2909,3,1.19959800504148,3,1.19959800504148,3,3.1084953313693404,29,29,8,0,9.50566709972918,7.323866153135896
ENG-Premier League,2526,Aston Villa,Morgan Rogers,1,2025,71,12412,F M,36,3211,9,7.110275078564882,9,7.110275078564882,5,6.5665632057935,83,44,7,0,16.80772640183568,6.691567745059729
ENG-Premier League,2526,Aston Villa,Ollie Watkins,1,2025,71,8865,F S,35,2728,12,15.235105811618268,12,15.235105811618268,2,2.778455562889576,73,22,3,0,19.5855449475348,3.6537968134507537
ENG-Premier League,2526,Aston Villa,Pau Torres,1,2025,71,6221,D S,19,1575,0,0.67172946408391,0,0.67172946408391,0,0.006894074846059084,7,1,1,0,4.429342862218618,4.355117943137884
ENG-Premier League,2526,Aston Villa,Ross Barkley,1,2025,71,592,M S,19,688,3,1.87718715518713,3,1.87718715518713,0,1.4130290979519486,17,9,1,0,4.981694490648806,3.351036261767149
ENG-Premier League,2526,Aston Villa,Tammy Abraham,1,2025,71,702,F S,12,253,2,2.0484648095443845,2,2.0484648095443845,0,0.1292063184082508,9,4,0,0,2.102262650616467,0.05544457584619522
ENG-Premier League,2526,Aston Villa,Tyrone Mings,1,2025,71,1024,D S,16,1224,0,1.492117453366518,0,1.492117453366518,0,0.7093149498105049,9,5,1,0,3.7653582710772753,3.4534494038671255
ENG-Premier League,2526,Aston Villa,Victor Lindelöf,1,2025,71,6080,D M S,15,813,0,0.15612759068608284,0,0.15612759068608284,1,0.5980998799204826,3,2,0,0,2.456116044893861,2.4394004065543413
ENG-Premier League,2526,Aston Villa,Youri Tielemans,1,2025,71,5956,M S,23,1757,0,1.7737605599686503,0,1.7737605599686503,4,2.771389757283032,22,29,0,0,9.723227487877011,7.449877496808767
ENG-Premier League,2526,Bournemouth,Adam Smith,1,2025,73,825,D S,20,899,0,0.0,0,0.0,2,0.4984638234600425,0,6,3,0,3.624245949089527,3.1500738691538572
ENG-Premier League,2526,Bournemouth,Adrien Truffert,1,2025,73,8640,D,36,3211,1,1.9886900894343853,1,1.9886900894343853,3,3.7882603835314512,16,28,4,0,13.49446621723473,8.740460558794439
ENG-Premier League,2526,Bournemouth,Alejandro Jiménez,1,2025,73,12168,D M S,31,2354,1,1.210428036749363,1,1.210428036749363,0,1.7028822358697653,21,15,10,0,7.3223335556685925,4.869594149291515
ENG-Premier League,2526,Bournemouth,Alex Scott,1,2025,73,12149,M S,36,2825,3,3.5001351330429316,3,3.5001351330429316,1,2.858655464835465,44,25,5,0,14.20029591396451,9.97893375903368
ENG-Premier League,2526,Bournemouth,Alex Tóth,1,2025,73,14374,M S,8,75,0,0.09959147125482559,0,0.09959147125482559,0,0.3306291252374649,1,4,1,0,1.2015989646315575,0.8516530841588974
ENG-Premier League,2526,Bournemouth,Amine Adli,1,2025,73,8211,M S,30,1023,3,3.5744741037487984,3,3.5744741037487984,1,1.2779199946671724,20,17,2,0,6.13513302244246,2.1690841764211655
ENG-Premier League,2526,Bournemouth,Antoine Semenyo,1,2025,73,11363,F M,34,3011,15,12.066180488094687,14,10.543842790648341,4,4.028234900906682,80,36,7,0,19.78362835198641,7.2590715829283
ENG-Premier League,2526,Bournemouth,Bafode Diakite,1,2025,73,7268,D S,18,1276,0,0.013867756351828575,0,0.013867756351828575,0,0.08456607162952423,1,2,1,0,3.9265325367450714,3.8777282163500786
ENG-Premier League,2526,Bournemouth,Ben Doak,1,2025,73,11231,S,7,53,0,0.08515836298465729,0,0.08515836298465729,1,0.45716217160224915,1,1,0,0,1.4128027111291885,0.8704821839928627
ENG-Premier League,2526,Bournemouth,Ben Winterburn,1,2025,73,13242,S,1,3,0,0.0,0,0.0,0,0.0,0,0,0,0,0.0,0.0
ENG-Premier League,2526,Bournemouth,David Brooks,1,2025,73,6820,M S,30,1187,1,5.919800091534853,1,5.919800091534853,3,4.153277147561312,46,24,7,0,11.531485620886087,2.6229202784597874
ENG-Premier League,2526,Bournemouth,Djordje Petrovic,1,2025,73,12032,GK,36,3240,0,0.0,0,0.0,0,0.0,0,0,3,0,2.516548527404666,2.516548527404666
ENG-Premier League,2526,Bournemouth,Eli Junior Kroupi,1,2025,73,11504,F M S,31,1553,12,8.48036734201014,10,6.958029655739665,0,1.7774117784574628,44,21,5,0,10.210385166108608,4.017285294830799
ENG-Premier League,2526,Bournemouth,Enes Ünal,1,2025,73,6219,S,20,144,1,2.25818207859993,1,2.25818207859993,0,0.0,14,0,1,0,2.361576184630394,0.39032360538840294
ENG-Premier League,2526,Bournemouth,Evanilson,1,2025,73,12963,F S,34,2643,6,11.121599234640598,6,11.121599234640598,1,2.965212993323803,68,29,2,0,15.074079796671867,3.422037299722433
ENG-Premier League,2526,Bournemouth,Hamed Junior Traore,1,2025,73,6986,S,1,13,0,0.0,0,0.0,1,0.09559009969234467,0,1,0,0,0.09559009969234467,0.0
ENG-Premier League,2526,Bournemouth,James Hill,1,2025,73,10747,D S,27,1920,0,0.839532008394599,0,0.839532008394599,3,1.2867492362856865,11,12,3,0,6.7056154711171985,6.322222346439958
ENG-Premier League,2526,Bournemouth,Julio Soler,1,2025,73,13474,S,3,27,0,0.0,0,0.0,0,0.0,0,0,0,0,0.06438634544610977,0.06438634544610977
ENG-Premier League,2526,Bournemouth,Justin Kluivert,1,2025,73,6963,M S,18,909,2,2.203129260800779,2,2.203129260800779,0,2.294822184368968,16,22,4,0,5.1779105216264725,2.274018134921789
ENG-Premier League,2526,Bournemouth,Lewis Cook,1,2025,73,1789,D M S,15,839,0,0.05964579712599516,0,0.05964579712599516,1,0.3469301499426365,3,11,1,1,2.538989583030343,2.386723592877388
ENG-Premier League,2526,Bournemouth,Marcos Senesi,1,2025,73,10864,D,35,3118,0,1.850691837258637,0,1.850691837258637,5,4.026684596203268,16,24,8,0,12.530749426223338,9.171204347163439
ENG-Premier League,2526,Bournemouth,Marcus Tavernier,1,2025,73,10741,M S,32,2599,6,8.969971298240125,4,7.447633596137166,4,4.659906264394522,67,43,6,0,15.666621502488852,7.201727956533432
ENG-Premier League,2526,Bournemouth,Rayan,1,2025,73,14395,M S,13,983,5,2.4543778970837593,5,2.4543778970837593,2,2.6973251085728407,25,13,1,0,5.7278972659260035,2.3661359790712595
ENG-Premier League,2526,Bournemouth,Ryan Christie,1,2025,73,10744,M S,26,942,2,1.7907362105324864,2,1.7907362105324864,0,1.6195761244744062,25,11,3,1,7.692040719091892,4.515199979767203
ENG-Premier League,2526,Bournemouth,Tyler Adams,1,2025,73,7352,M S,23,1625,2,0.9112780764698982,2,0.9112780764698982,2,1.2302900850772858,9,7,7,0,5.831205058842897,4.8465736992657185
ENG-Premier League,2526,Bournemouth,Veljko Milosavljevic,1,2025,73,14027,D S,7,363,0,0.357437402009964,0,0.357437402009964,0,0.06701014190912247,1,1,0,0,0.45751750841736794,0.39050735905766487
ENG-Premier League,2526,Brentford,Aaron Hickey,1,2025,244,8942,D M S,20,641,0,0.5498570688068867,0,0.5498570688068867,0,0.6038424372673035,6,1,1,0,2.654161812737584,2.206498945131898
ENG-Premier League,2526,Brentford,Antoni Milambo,1,2025,244,13780,M,1,50,0,0.0,0,0.0,0,0.0,0,0,0,0,0.043761223554611206,0.043761223554611206
ENG-Premier League,2526,Brentford,Caoimhin Kelleher,1,2025,244,7904,GK,35,3150,0,0.0,0,0.0,0,0.10640144906938076,0,2,1,0,5.306575758382678,5.200174316763878
ENG-Premier League,2526,Brentford,Dango Ouattara,1,2025,244,9662,F M S,30,2123,5,7.523567907512188,5,7.523567907512188,3,5.837364695966244,48,26,5,0,12.120225666090846,2.3989340225234628
ENG-Premier League,2526,Brentford,Ethan Pinnock,1,2025,244,9678,D,4,330,0,0.009195007383823395,0,0.009195007383823395,0,0.0,1,0,1,0,0.10905151441693306,0.10905151441693306
ENG-Premier League,2526,Brentford,Fabio Carvalho,1,2025,244,9501,M S,6,97,1,0.6895682029426098,1,0.6895682029426098,0,0.0,2,0,0,0,0.6895682029426098,0.0
ENG-Premier League,2526,Brentford,Frank Onyeka,1,2025,244,9681,S,6,68,0,0.0,0,0.0,1,0.3706037104129791,0,1,0,0,0.3706037104129791,0.3706037104129791
ENG-Premier League,2526,Brentford,Hákon Valdimarsson,1,2025,244,12595,GK,1,90,0,0.0,0,0.0,0,0.0,0,0,0,0,0.21266940236091614,0.21266940236091614
ENG-Premier League,2526,Brentford,Jordan Henderson,1,2025,244,605,M S,30,1849,1,0.5513727776706219,1,0.5513727776706219,3,3.294498812407255,6,18,5,0,8.154834806919098,5.496634662151337
ENG-Premier League,2526,Brentford,Josh Dasilva,1,2025,244,10405,S,1,1,0,0.0,0,0.0,0,0.0,0,0,0,0,0.0,0.0
ENG-Premier League,2526,Brentford,Kaye Furo,1,2025,244,14356,S,1,1,0,0.0,0,0.0,0,0.0,0,0,0,0,0.0,0.0
ENG-Premier League,2526,Brentford,Keane Lewis-Potter,1,2025,244,10809,D F M S,34,1769,3,3.1389213912189007,3,3.1389213912189007,3,2.64832466468215,28,18,1,0,7.654232611879706,3.1189884934574366
ENG-Premier League,2526,Brentford,Kevin Schade,1,2025,244,9156,F M S,33,2668,7,10.608132360503078,7,9.846963522955775,3,4.565257132053375,51,29,6,1,16.1506393738091,3.947028372436762
ENG-Premier League,2526,Brentford,Kristoffer Ajer,1,2025,244,9677,D S,26,1723,0,1.053914662450552,0,1.053914662450552,1,0.9042857214808464,10,5,4,0,5.491811184212565,3.8735721353441477
ENG-Premier League,2526,Brentford,Mathias Jensen,1,2025,244,7166,M S,34,2105,3,1.5506760124117136,3,1.5506760124117136,1,5.04343187995255,28,29,3,0,10.15543425641954,7.005861360579729
ENG-Premier League,2526,Brentford,Michael Kayode,1,2025,244,11281,D,35,3101,1,1.169110944494605,1,1.169110944494605,1,3.184721387922764,9,33,7,0,11.881859760731459,8.404316389933228
ENG-Premier League,2526,Brentford,Mikkel Damsgaard,1,2025,244,8859,M S,31,1991,4,2.927513236179948,4,2.927513236179948,4,6.193975310772657,29,38,0,0,11.820186257362366,6.107028184458613
ENG-Premier League,2526,Brentford,Myles Peart-Harris,1,2025,244,10205,S,1,1,0,0.0,0,0.0,0,0.0,0,0,0,0,0.0,0.0
ENG-Premier League,2526,Brentford,Nathan Collins,1,2025,244,9733,D S,33,2786,1,2.825895868241787,1,2.825895868241787,2,1.8673397786915302,19,8,6,0,9.255520617589355,8.383735662326217
ENG-Premier League,2526,Brentford,Reiss Nelson,1,2025,244,6492,S,9,103,0,0.9007361251860857,0,0.9007361251860857,1,0.05902205780148506,5,2,0,0,1.5038851872086525,1.0380228534340858
ENG-Premier League,2526,Brentford,Rico Henry,1,2025,244,9679,D S,25,1315,0,0.14565920177847147,0,0.14565920177847147,1,0.31617192178964615,5,4,2,0,2.418498318642378,2.231708014383912
ENG-Premier League,2526,Brentford,Romelle Donovan,1,2025,244,14217,S,4,23,0,0.10470368713140488,0,0.10470368713140488,0,0.032033760100603104,3,1,0,0,0.10470368713140488,0.0
ENG-Premier League,2526,Brentford,Sepp van den Berg,1,2025,244,10721,D S,30,2664,0,3.257720546796918,0,3.257720546796918,1,1.5950283780694008,22,6,2,0,7.571764608845115,5.863093493506312
ENG-Premier League,2526,Brentford,Thiago,1,2025,244,13222,F S,36,3112,22,24.459572710096836,14,17.60905309021473,1,3.3952677249908447,81,23,7,0,22.264072321355343,4.783232398331165
ENG-Premier League,2526,Brentford,Vitaly Janelt,1,2025,244,9680,M S,23,1264,1,0.7498585553839803,1,0.7498585553839803,4,3.589389992877841,12,19,7,0,5.500424522906542,2.943715939298272
ENG-Premier League,2526,Brentford,Yehor Yarmolyuk,1,2025,244,11772,M S,36,2589,1,1.3752933973446488,1,1.3752933973446488,2,1.2573875626549125,16,14,7,0,9.143594267778099,7.77487238869071
ENG-Premier League,2526,Brighton,Bart Verbruggen,1,2025,220,11711,GK,36,3240,0,0.0,0,0.0,0,0.07646425813436508,0,1,3,0,7.286164598539472,7.286164598539472
ENG-Premier League,2526,Brighton,Brajan Gruda,1,2025,220,11310,M S,18,716,1,1.772459496743977,1,1.772459496743977,1,1.2154594017192721,16,16,2,0,5.479941666126251,2.844237370416522
ENG-Premier League,2526,Brighton,Carlos Baleba,1,2025,220,10527,M S,29,1581,0,0.5200888710096478,0,0.5200888710096478,0,0.6776336953043938,18,6,5,0,5.511792900972068,4.451778921298683
ENG-Premier League,2526,Brighton,Charalampos Kostoulas,1,2025,220,14118,F S,19,274,2,2.07052256539464,2,2.07052256539464,1,1.023241564631462,17,7,2,0,3.1018624752759933,0.41902770288288593
ENG-Premier League,2526,Brighton,Danny Welbeck,1,2025,220,501,F S,35,2158,13,12.551776513457298,12,10.268269868567586,1,2.2625304386019707,54,20,5,0,14.832503136247396,4.773262246511877
ENG-Premier League,2526,Brighton,Diego Coppola,1,2025,220,10169,D S,5,192,0,0.0,0,0.0,0,0.0,0,0,2,0,0.4860989674925804,0.4860989674925804
ENG-Premier League,2526,Brighton,Diego Gómez,1,2025,220,13364,F M S,30,2100,5,5.593415547162294,5,5.593415547162294,1,2.0924463979899883,36,20,9,0,13.458113759756088,6.886252888478339
ENG-Premier League,2526,Brighton,Ferdi Kadioglu,1,2025,220,13066,D M S,35,2965,1,1.9552533607929945,1,1.9552533607929945,0,1.253510907292366,26,19,6,0,12.904335096478462,10.640489965677261
ENG-Premier League,2526,Brighton,Georginio Rutter,1,2025,220,6937,F M S,30,1747,3,2.692471490241587,3,2.692471490241587,3,4.473127547651529,39,24,2,0,10.491895688697696,4.214052898809314
ENG-Premier League,2526,Brighton,Harry Howell,1,2025,220,13584,M S,3,91,0,0.0,0,0.0,0,0.0,0,0,0,0,0.0,0.0
ENG-Premier League,2526,Brighton,Jack Hinshelwood,1,2025,220,11269,D M S,25,1613,4,4.531751740723848,4,4.531751740723848,3,2.0764727191999555,34,13,0,0,10.701174147427082,5.389585096389055
ENG-Premier League,2526,Brighton,James Milner,1,2025,220,489,M S,19,711,1,0.9794258084148169,0,0.2182569708675146,1,0.6549300253391266,8,8,2,0,3.918824218213558,3.7330453395843506
ENG-Premier League,2526,Brighton,Jan Paul van Hecke,1,2025,220,10807,D,34,3034,3,2.7940335692837834,3,2.7940335692837834,3,0.9983751699328423,22,11,9,0,13.21765647828579,12.336129892617464
ENG-Premier League,2526,Brighton,Joe Knight,1,2025,220,13399,S,1,1,0,0.0,0,0.0,0,0.0,0,0,0,0,0.0,0.0
ENG-Premier League,2526,Brighton,Joël Veltman,1,2025,220,8780,D S,23,959,1,0.9520808160305023,1,0.9520808160305023,0,0.252019003033638,3,4,5,0,2.436355007812381,2.2945651542395353
ENG-Premier League,2526,Brighton,Kaoru Mitoma,1,2025,220,10806,F M S,25,1723,3,4.789182621985674,3,4.789182621985674,1,3.54316034540534,32,30,5,0,11.286602273583412,4.618424783460796
ENG-Premier League,2526,Brighton,Lewis Dunk,1,2025,220,6048,D S,31,2651,1,1.253922250121832,1,1.253922250121832,0,0.5267416425049305,22,6,10,0,11.674747474491596,11.587368950247765
ENG-Premier League,2526,Brighton,Mats Wieffer,1,2025,220,12758,D S,25,1832,2,1.9274322018027306,2,1.9274322018027306,3,2.8690227568149567,18,19,8,0,10.283977266401052,8.267712463624775
ENG-Premier League,2526,Brighton,Matt O'Riley,1,2025,220,13206,M S,6,195,1,1.139720857143402,0,0.37855201959609985,0,0.14959949534386396,4,4,0,0,0.5305772870779037,0.11395914107561111
ENG-Premier League,2526,Brighton,Maxim De Cuyper,1,2025,220,13711,D M S,28,1273,2,1.5899631939828396,2,1.5899631939828396,3,4.413247252814472,11,27,2,0,6.133637744933367,3.0311012119054794
ENG-Premier League,2526,Brighton,Nehemiah Oriola,1,2025,220,14127,S,1,1,0,0.0,0,0.0,0,0.0,0,0,0,0,0.0,0.0
ENG-Premier League,2526,Brighton,Olivier Boscagli,1,2025,220,3645,D S,12,801,0,0.02071521058678627,0,0.02071521058678627,1,0.1475827321410179,1,3,2,0,3.5460157245397568,3.5085763186216354
ENG-Premier League,2526,Brighton,Pascal Groß,1,2025,220,239,M S,17,1455,1,1.0528861172497272,1,1.0528861172497272,3,3.0529297906905413,14,35,2,0,8.894396152347326,7.4284058175981045
ENG-Premier League,2526,Brighton,Solly March,1,2025,220,6049,S,2,3,0,0.0,0,0.0,0,0.0,0,0,0,0,0.0,0.0
ENG-Premier League,2526,Brighton,Stefanos Tzimas,1,2025,220,14028,F S,9,111,1,0.6250067912042141,1,0.6250067912042141,1,0.3843204230070114,4,6,0,0,0.8074261322617531,0.009937935508787632
ENG-Premier League,2526,Brighton,Tom Watson,1,2025,220,14029,S,6,44,0,0.024704832583665848,0,0.024704832583665848,0,0.0,1,0,1,0,0.024704832583665848,0.0
ENG-Premier League,2526,Brighton,Yankuba Minteh,1,2025,220,12759,M S,32,2279,3,4.752463513985276,3,4.752463513985276,4,5.690702870488167,41,42,3,0,15.70837820880115,8.021752515807748
ENG-Premier League,2526,Brighton,Yasin Ayari,1,2025,220,11385,M S,28,1911,3,2.1179441660642624,3,2.1179441660642624,3,1.4007999636232853,41,15,1,0,7.775305330753326,5.351266922429204
ENG-Premier League,2526,Burnley,Armando Broja,1,2025,92,8384,F S,24,822,1,2.5165178887546062,1,2.5165178887546062,1,0.6097559537738562,16,5,0,0,2.6858433932065964,1.0258077569305897
ENG-Premier League,2526,Burnley,Ashley Barnes,1,2025,92,4422,S,6,24,0,0.11538831889629364,0,0.11538831889629364,0,0.0,1,0,0,0,0.11538831889629364,0.0
ENG-Premier League,2526,Burnley,Axel Tuanzebe,1,2025,92,934,D,12,1029,1,0.5582677125930786,1,0.5582677125930786,0,0.0,2,0,1,0,2.73016569390893,2.171897981315851
ENG-Premier League,2526,Burnley,Bashir Humphreys,1,2025,92,11243,D S,18,1489,0,0.5261353980749846,0,0.5261353980749846,0,0.8644249252974987,9,9,6,0,3.1372330458834767,2.733248450793326
ENG-Premier League,2526,Burnley,Chimuanya Ugochukwu,1,2025,92,9451,M S,33,2249,3,2.544327639043331,3,2.544327639043331,1,0.4298349469900131,21,9,1,1,7.085580289363861,4.825600050389767
ENG-Premier League,2526,Burnley,Florentino Luís,1,2025,92,8969,M S,29,1976,0,0.982088977470994,0,0.982088977470994,2,0.5249177720397711,11,12,6,0,4.620980126783252,3.8941937321797013
ENG-Premier League,2526,Burnley,Hannibal Mejbri,1,2025,92,9558,M S,25,1103,1,0.4964469741098583,1,0.4964469741098583,4,2.6572370454669,16,18,8,0,5.426760409958661,3.28356571495533
ENG-Premier League,2526,Burnley,Hjalmar Ekdal,1,2025,92,11704,D S,19,1545,0,0.6082124067470431,0,0.6082124067470431,0,0.16814450826495886,6,4,0,0,2.7116604670882225,2.586940612643957
ENG-Premier League,2526,Burnley,Jacob Bruun Larsen,1,2025,92,5355,F M S,26,996,0,1.3876315392553806,0,1.3876315392553806,1,1.3782861307263374,16,12,0,0,4.458551725372672,2.226931793615222
ENG-Premier League,2526,Burnley,Jaidon Anthony,1,2025,92,10746,F M S,35,2597,8,5.464706630446017,8,5.464706630446017,2,4.263075370341539,52,35,4,0,11.869306236505508,5.456020798534155
ENG-Premier League,2526,Burnley,James Ward-Prowse,1,2025,92,843,M S,16,1067,0,0.1810428909957409,0,0.1810428909957409,1,3.085048157721758,5,22,1,0,3.1245527490973473,2.9725323375314474
ENG-Premier League,2526,Burnley,Jaydon Banel,1,2025,92,14281,S,1,7,0,0.0,0,0.0,0,0.0,0,0,0,0,0.0,0.0
ENG-Premier League,2526,Burnley,Joe Worrall,1,2025,92,10756,D S,11,478,0,0.03810013830661774,0,0.03810013830661774,0,0.0,1,0,0,0,0.5445791333913803,0.5064789950847626
ENG-Premier League,2526,Burnley,Josh Cullen,1,2025,92,1018,M,18,1533,2,1.0142266415059566,2,1.0142266415059566,2,1.8168634045869112,11,13,2,0,6.162752605974674,4.625554047524929
ENG-Premier League,2526,Burnley,Josh Laurent,1,2025,92,13728,D M S,32,1703,1,1.0436750873923302,1,1.0436750873923302,0,0.7355106780305505,15,12,7,1,3.1661211233586073,1.6837338991463184
ENG-Premier League,2526,Burnley,Kyle Walker,1,2025,92,638,D M S,34,2921,0,0.09304121043533087,0,0.09304121043533087,2,1.6515101548284292,4,12,9,0,8.995877818204463,8.828137298114598
ENG-Premier League,2526,Burnley,Loum Tchaouna,1,2025,92,9977,F M S,27,1099,2,1.195362207479775,2,1.195362207479775,0,1.0577591806650162,21,10,2,0,3.857453793287277,1.8234017807990313
ENG-Premier League,2526,Burnley,Lucas Pires,1,2025,92,11824,D S,18,1211,0,0.4762053117156029,0,0.4762053117156029,0,1.4497609855607152,11,18,0,1,3.2721965722739697,2.1940818494185805
ENG-Premier League,2526,Burnley,Lyle Foster,1,2025,92,7498,F M S,26,1375,3,3.5921845473349094,3,3.5921845473349094,2,1.145955815911293,20,10,4,0,5.975080406293273,2.1302394028753042
ENG-Premier League,2526,Burnley,Marcus Edwards,1,2025,92,13730,F M S,22,1049,1,2.2541669588536024,1,2.2541669588536024,3,2.2145643904805183,22,18,0,0,5.67850873991847,2.743595637381077
ENG-Premier League,2526,Burnley,Martin Dubravka,1,2025,92,6532,GK,35,3150,0,0.0,0,0.0,0,0.0,0,0,1,0,2.838488420471549,2.838488420471549
ENG-Premier League,2526,Burnley,Max Weiss,1,2025,92,13731,GK,1,90,0,0.0,0,0.0,0,0.0,0,0,0,0,0.01872127875685692,0.01872127875685692
ENG-Premier League,2526,Burnley,Maxime Estève,1,2025,92,9487,D,33,2862,0,0.4516084846109152,0,0.4516084846109152,0,0.7021042061969638,10,6,1,0,4.438025475479662,4.28961091581732
ENG-Premier League,2526,Burnley,Mike Trésor,1,2025,92,12094,S,6,25,0,0.0,0,0.0,0,0.0,0,0,0,0,0.027223162353038788,0.027223162353038788
ENG-Premier League,2526,Burnley,Oliver Sonne,1,2025,92,13726,D S,7,149,1,0.3753026779741049,1,0.3753026779741049,0,0.02691812254488468,3,1,0,0,0.5079874768853188,0.1973782777786255
ENG-Premier League,2526,Burnley,Quilindschy Hartman,1,2025,92,13727,D,21,1843,0,0.377465664409101,0,0.377465664409101,5,2.790129487402737,9,20,1,0,5.23548704944551,4.075551783666015
ENG-Premier League,2526,Burnley,Zeki Amdouni,1,2025,92,11701,S,2,21,0,0.17281011119484901,0,0.17281011119484901,0,0.0,3,0,0,0,0.1853007897734642,0.012490683235228062
ENG-Premier League,2526,Burnley,Zian Flemming,1,2025,92,13729,F S,27,1615,10,9.432279833592474,8,7.90994215477258,0,0.6482639834284782,50,9,4,0,7.524087986908853,1.4174099173396826
ENG-Premier League,2526,Chelsea,Alejandro Garnacho,1,2025,80,10552,F M S,23,1284,1,4.111795756965876,1,4.111795756965876,4,4.21896393597126,33,29,2,0,12.953486386686563,6.525954343378544
ENG-Premier League,2526,Chelsea,Andrey Santos,1,2025,80,11808,M S,26,1127,0,1.945375993847847,0,1.945375993847847,0,0.6883775070309639,10,8,4,0,5.714855410158634,4.395013879984617
ENG-Premier League,2526,Chelsea,Benoit Badiashile Mukinayi,1,2025,80,7240,D S,8,478,0,0.0,0,0.0,0,0.0,0,0,2,0,1.0458098985254765,1.0458098985254765
ENG-Premier League,2526,Chelsea,Cole Palmer,1,2025,80,8497,F M S,24,1827,9,9.762309033423662,4,5.195296112447977,1,2.0455774012953043,58,23,4,0,15.282409280538559,9.400349205359817
ENG-Premier League,2526,Chelsea,Dário Essugo,1,2025,80,13094,S,2,23,0,0.0,0,0.0,0,0.0,0,0,1,0,0.43163326010107994,0.43163326010107994
ENG-Premier League,2526,Chelsea,Enzo Fernández,1,2025,80,11356,M S,34,2969,9,11.867621852084994,7,10.345284154638648,3,8.159640282392502,70,64,9,0,26.692509919404984,15.655440244823694
ENG-Premier League,2526,Chelsea,Estêvão,1,2025,80,13775,F M S,22,854,2,3.8740363344550133,2,3.8740363344550133,2,2.8163073528558016,28,16,4,0,9.267625011503696,3.582291418686509
ENG-Premier League,2526,Chelsea,Facundo Buonanotte,1,2025,80,11362,M S,3,67,0,0.04432953521609306,0,0.04432953521609306,0,0.1689806431531906,1,2,1,0,0.26421641558408737,0.2198868803679943
ENG-Premier League,2526,Chelsea,Filip Jorgensen,1,2025,80,9272,GK S,5,365,0,0.0,0,0.0,0,0.0,0,0,0,0,1.312999188899994,1.312999188899994
ENG-Premier League,2526,Chelsea,Jamie Bynoe-Gittens,1,2025,80,10542,M S,16,455,0,0.8924727980047464,0,0.8924727980047464,2,0.978217288851738,10,9,0,0,2.936161085963249,1.3098940197378397
ENG-Premier League,2526,Chelsea,Jesse Derry,1,2025,80,14584,M,1,53,0,0.10014304518699646,0,0.10014304518699646,0,0.0,2,0,0,0,0.1972270905971527,0.09708404541015625
ENG-Premier League,2526,Chelsea,Jorrel Hato,1,2025,80,13776,D S,20,985,0,0.33830922096967697,0,0.33830922096967697,0,0.6700731590390205,4,7,6,0,5.679809968918562,5.324539419263601
ENG-Premier League,2526,Chelsea,Josh Acheampong,1,2025,80,12535,D S,15,580,1,0.6539264097809792,1,0.6539264097809792,0,0.137966588139534,3,2,1,0,2.1048905588686466,2.0332134179770947
ENG-Premier League,2526,Chelsea,João Pedro,1,2025,80,8272,F M S,34,2608,15,15.220811299979687,15,15.220811299979687,5,3.983569510281086,71,29,4,0,18.807801697403193,4.778920846059918
ENG-Premier League,2526,Chelsea,Levi Colwill,1,2025,80,10805,D S,2,120,0,0.0,0,0.0,0,0.0,0,0,0,0,0.5514756590127945,0.5514756590127945
ENG-Premier League,2526,Chelsea,Liam Delap,1,2025,80,8868,F S,26,972,1,4.95254229940474,1,4.95254229940474,0,0.16925495117902756,35,3,3,0,7.322529261931777,3.2848102413117886
ENG-Premier League,2526,Chelsea,Malo Gusto,1,2025,80,9017,D M S,33,2218,2,1.9418211746960878,2,1.9418211746960878,3,3.3505187798291445,12,26,3,1,15.631433948874474,12.846868883818388
ENG-Premier League,2526,Chelsea,Mamadou Sarr,1,2025,80,11253,D S,2,91,0,0.5694634318351746,0,0.5694634318351746,0,0.0,1,0,0,0,0.23050860315561295,0.23050860315561295
ENG-Premier League,2526,Chelsea,Marc Cucurella,1,2025,80,7134,D M S,32,2534,1,1.8860962446779013,1,1.8860962446779013,4,4.541678033769131,20,39,7,1,15.007614135742188,11.851929046213627
ENG-Premier League,2526,Chelsea,Marc Guiu,1,2025,80,11633,F S,10,250,0,2.5071037635207176,0,2.5071037635207176,1,0.7587333768606186,13,3,1,0,3.2784729823470116,0.12257947772741318
ENG-Premier League,2526,Chelsea,Moisés Caicedo,1,2025,80,9453,M S,31,2633,3,1.445541126653552,3,1.445541126653552,1,2.478958658874035,26,16,11,1,16.33613806962967,14.51899217814207
ENG-Premier League,2526,Chelsea,Pedro Neto,1,2025,80,6382,F M S,32,2509,5,4.9870004169642925,5,4.9870004169642925,4,7.5994823183864355,44,49,2,1,17.721466828137636,8.471150148659945
ENG-Premier League,2526,Chelsea,Reece James,1,2025,80,8067,D M S,28,1893,2,1.2105660028755665,2,1.2105660028755665,4,3.9933422207832336,21,27,4,0,11.44637494161725,9.686947334557772
ENG-Premier League,2526,Chelsea,Robert Sánchez,1,2025,80,9098,GK,33,2874,0,0.0,0,0.0,1,0.8848487213253975,0,5,4,1,9.886631703004241,9.001782981678843
ENG-Premier League,2526,Chelsea,Romeo Lavia,1,2025,80,10004,M S,12,366,0,0.27671280317008495,0,0.27671280317008495,0,0.41531437635421753,3,1,0,0,3.2999991066753864,3.252035230398178
ENG-Premier League,2526,Chelsea,Tosin Adarabioyo,1,2025,80,5590,D S,16,791,0,0.07241746783256531,0,0.07241746783256531,0,0.4159756898880005,2,1,2,0,3.179009012877941,3.179009012877941
ENG-Premier League,2526,Chelsea,Trevoh Chalobah,1,2025,80,6615,D S,32,2744,3,1.84148343000561,3,1.84148343000561,0,0.6305756159126759,16,5,3,1,14.679484831169248,14.547811800614
ENG-Premier League,2526,Chelsea,Tyrique George,1,2025,80,12573,M S,13,291,0,0.7958036437630653,0,0.7958036437630653,0,0.8246345221996307,9,2,2,0,1.0855368673801422,0.4123904649168253
ENG-Premier League,2526,Chelsea,Wesley Fofana,1,2025,80,7589,D S,23,1598,0,0.5401721596717834,0,0.5401721596717834,1,0.658527560532093,8,3,5,1,8.059391107410192,8.028775479644537
ENG-Premier League,2526,Crystal Palace,Adam Wharton,1,2025,78,12409,M S,31,2460,0,1.0489823007956147,0,1.0489823007956147,5,6.197987075895071,28,38,4,1,14.033871043473482,10.361097823828459
ENG-Premier League,2526,Crystal Palace,Borna Sosa,1,2025,78,7075,S,7,88,0,0.039044611155986786,0,0.039044611155986786,0,0.076265724375844,1,2,1,0,0.48436059802770615,0.3884894046932459
ENG-Premier League,2526,Crystal Palace,Brennan Johnson,1,2025,78,10760,D F M S,32,1594,2,2.5934192165732384,2,2.5934192165732384,1,1.2152538001537323,23,18,6,0,5.173833349719644,1.9340150188654661
ENG-Premier League,2526,Crystal Palace,Chadi Riad,1,2025,78,11167,D S,7,394,0,0.13591536600142717,0,0.13591536600142717,1,0.42769163846969604,2,1,2,0,0.7873845249414444,0.7873845249414444
ENG-Premier League,2526,Crystal Palace,Chris Richards,1,2025,78,8430,D S,31,2704,1,1.6910450365394354,1,1.6910450365394354,0,0.4875335106626153,14,9,3,0,7.80950731690973,7.502825566567481
ENG-Premier League,2526,Crystal Palace,Christantus Uche,1,2025,78,12726,S,14,109,0,0.7797833420336246,0,0.7797833420336246,0,0.0,6,0,0,0,0.7532306127250195,0.03355732560157776
ENG-Premier League,2526,Crystal Palace,Daichi Kamada,1,2025,78,6145,M S,25,1770,0,1.2950898688286543,0,1.2950898688286543,0,2.546361269429326,17,19,2,0,9.336670284159482,6.9899084428325295
ENG-Premier League,2526,Crystal Palace,Daniel Muñoz,1,2025,78,12408,D,26,2196,4,2.8401929400861263,4,2.8401929400861263,2,5.010032780468464,23,24,7,0,9.951827068813145,4.122145890258253
ENG-Premier League,2526,Crystal Palace,Dean Henderson,1,2025,78,7702,GK,34,3060,0,0.0,0,0.0,0,0.015475641936063766,0,1,4,0,3.5560565255582333,3.5560565255582333
ENG-Premier League,2526,Crystal Palace,Eddie Nketiah,1,2025,78,6482,M S,12,396,2,1.942964792251587,2,1.942964792251587,0,0.9605132089927793,15,7,2,0,2.89599169138819,0.14879368524998426
ENG-Premier League,2526,Crystal Palace,Ismaila Sarr,1,2025,78,5675,F M S,25,2012,8,10.424529902637005,6,8.902192182838917,1,2.0894997604191303,45,18,2,0,11.928326562047005,2.8837661538273096
ENG-Premier League,2526,Crystal Palace,Jaydee Canvot,1,2025,78,13091,D S,18,1154,0,1.5658284928649664,0,1.5658284928649664,0,0.0823616674169898,7,3,3,0,3.734765158034861,3.7084906939417124
ENG-Premier League,2526,Crystal Palace,Jean-Philippe Mateta,1,2025,78,5735,F S,29,2130,11,15.555522333830595,7,12.510846834629774,0,1.1937142759561539,62,8,2,0,14.62716680020094,2.3279639054089785
ENG-Premier League,2526,Crystal Palace,Jefferson Lerma,1,2025,78,2182,D M S,28,1501,0,2.208588045090437,0,2.208588045090437,2,1.7302230186760426,19,12,6,0,7.378669970668852,5.859407640993595
ENG-Premier League,2526,Crystal Palace,Joél Drakes-Thomas,1,2025,78,14263,S,2,2,0,0.0,0,0.0,0,0.0,0,0,0,0,0.3753929138183594,0.3753929138183594
ENG-Premier League,2526,Crystal Palace,Justin Devenny,1,2025,78,13038,D F M S,20,672,1,2.2452754601836205,0,1.4841066226363182,0,0.33247873187065125,13,7,0,0,2.9078109115362167,1.3601544722914696
ENG-Premier League,2526,Crystal Palace,Jørgen Strand Larsen,1,2025,78,11070,F S,33,2178,4,6.109231488779187,3,4.586893782019615,1,0.6865616654977202,39,10,4,0,6.428705235943198,2.2371821179986
ENG-Premier League,2526,Crystal Palace,Kaden Rodney,1,2025,78,11033,S,1,1,0,0.0,0,0.0,0,0.0,0,0,0,0,0.0,0.0
ENG-Premier League,2526,Crystal Palace,Marc Guehi,1,2025,78,7603,D,33,2970,3,4.552870158106089,3,4.552870158106089,3,2.726592278573662,30,18,6,0,16.470457325689495,14.302511389367282
ENG-Premier League,2526,Crystal Palace,Maxence Lacroix,1,2025,78,8853,D,33,2939,1,2.996085587888956,1,2.996085587888956,2,1.2868863735347986,24,7,4,1,10.633316148072481,9.87023366149515
ENG-Premier League,2526,Crystal Palace,Nathaniel Clyne,1,2025,78,603,D S,8,515,0,0.2701648138463497,0,0.2701648138463497,1,0.6744996476918459,3,3,1,0,1.1092736274003983,0.8391088638454676
ENG-Premier League,2526,Crystal Palace,Odsonne Edouard,1,2025,78,3697,S,1,1,0,0.0,0,0.0,0,0.0,0,0,0,0,0.0,0.0
ENG-Premier League,2526,Crystal Palace,Romain Esse,1,2025,78,13387,S,4,29,0,0.0,0,0.0,0,0.0,0,0,0,0,0.0,0.0
ENG-Premier League,2526,Crystal Palace,Tyrick Mitchell,1,2025,78,8214,D S,35,3037,1,1.7660012245178223,1,1.7660012245178223,2,3.036134548485279,16,29,5,0,12.122571730986238,9.056324437260628
ENG-Premier League,2526,Crystal Palace,Walter Benítez,1,2025,78,5652,GK,1,90,0,0.0,0,0.0,0,0.0,0,0,0,0,0.0,0.0
ENG-Premier League,2526,Crystal Palace,Will Hughes,1,2025,78,6104,M S,29,1417,0,1.2812513932585716,0,1.2812513932585716,0,1.772324912250042,17,19,7,0,6.367847118526697,4.755730241537094
ENG-Premier League,2526,Crystal Palace,Yeremi Pino,1,2025,78,9024,F M S,31,1983,2,4.130129912868142,2,4.130129912868142,1,7.648963778279722,41,44,4,0,12.370698041282594,4.075986506417394
ENG-Premier League,2526,Everton,Beto,1,2025,72,9983,F S,35,1475,9,10.413459531962872,9,10.413459531962872,1,1.0041863042861223,42,12,3,0,11.502199709415436,0.8708279877901077
ENG-Premier League,2526,Everton,Carlos Alcaraz,1,2025,72,11297,M S,19,680,0,0.9708829177543521,0,0.9708829177543521,1,1.21384940110147,19,9,4,0,2.6459091352298856,1.3459198297932744
ENG-Premier League,2526,Everton,Dwight McNeil,1,2025,72,6756,F M S,21,1183,0,1.4632735215127468,0,1.4632735215127468,1,1.7390878200531006,24,15,1,0,4.5996328964829445,2.5078608095645905
ENG-Premier League,2526,Everton,Harrison Armstrong,1,2025,72,12757,M S,12,497,0,0.43910516798496246,0,0.43910516798496246,0,0.12138871103525162,5,4,0,0,1.5633678585290909,1.3058937191963196
ENG-Premier League,2526,Everton,Idrissa Gueye,1,2025,72,668,M,25,2120,2,1.9142106398940086,2,1.9142106398940086,3,1.693690698593855,29,13,1,1,9.138687188737094,6.896284964866936
ENG-Premier League,2526,Everton,Iliman Ndiaye,1,2025,72,9307,M,30,2625,6,6.014849102124572,4,4.4925114046782255,3,4.430429849773645,41,29,2,0,14.153946589678526,5.711362023837864
ENG-Premier League,2526,Everton,Jack Grealish,1,2025,72,675,F M S,20,1645,2,3.084938551299274,2,3.084938551299274,6,4.558330744504929,26,38,2,1,9.290637398138642,3.2924681939184666
ENG-Premier League,2526,Everton,Jake O'Brien,1,2025,72,12014,D S,35,2989,1,0.7253093272447586,1,0.7253093272447586,1,0.7026072274893522,11,16,4,1,5.81181266438216,4.980644553899765
ENG-Premier League,2526,Everton,James Garner,1,2025,72,7438,D M,36,3237,2,2.053542616777122,2,2.053542616777122,7,5.928153045475483,43,52,11,0,9.999303812161088,7.128173072822392
ENG-Premier League,2526,Everton,James Tarkowski,1,2025,72,1665,D,35,3150,2,2.820854637771845,2,2.820854637771845,3,2.0049717351794243,18,17,7,0,6.15570321213454,4.966685774736106
ENG-Premier League,2526,Everton,Jarrad Branthwaite,1,2025,72,8476,D S,10,682,1,0.3099620118737221,1,0.3099620118737221,0,0.37322589941322803,6,3,1,0,1.287902306765318,1.127036638557911
ENG-Premier League,2526,Everton,Jordan Pickford,1,2025,72,741,GK,36,3240,0,0.0,0,0.0,0,0.2333715260028839,0,2,4,0,3.066084759309888,2.983967738226056
ENG-Premier League,2526,Everton,Kiernan Dewsbury-Hall,1,2025,72,9739,M S,29,2470,8,4.28220534324646,8,4.28220534324646,4,5.914962615817785,37,33,6,0,12.958050303161144,6.973767094314098
ENG-Premier League,2526,Everton,Merlin Röhl,1,2025,72,11331,M S,14,493,0,0.46047965809702873,0,0.46047965809702873,0,0.36098963394761086,8,6,0,0,1.1940784398466349,0.5707362964749336
ENG-Premier League,2526,Everton,Michael Keane,1,2025,72,1653,D S,31,2406,3,3.529998926445842,3,3.529998926445842,0,0.097673699259758,24,1,1,1,4.576998236589134,3.578602814115584
ENG-Premier League,2526,Everton,Nathan Patterson,1,2025,72,10292,D S,7,241,0,0.1701965481042862,0,0.1701965481042862,0,0.0,1,0,0,0,0.7384375408291817,0.5682409927248955
ENG-Premier League,2526,Everton,Seamus Coleman,1,2025,72,585,D S,3,11,0,0.0,0,0.0,0,0.0,0,0,0,0,0.0,0.0
ENG-Premier League,2526,Everton,Thierno Barry,1,2025,72,12916,F S,36,1818,8,9.130181910470128,8,9.130181910470128,0,0.9826686475425959,37,11,3,0,10.201108145527542,2.1255453256890178
ENG-Premier League,2526,Everton,Tim Iroegbunam,1,2025,72,9554,M S,27,1331,0,0.5109043149277568,0,0.5109043149277568,2,1.8362781833857298,12,7,8,0,3.842379178851843,2.272451017051935
ENG-Premier League,2526,Everton,Tyler Dibling,1,2025,72,10586,M S,14,337,0,0.13778147101402283,0,0.13778147101402283,0,0.21320436522364616,4,4,2,0,0.8644972424954176,0.634521609172225
ENG-Premier League,2526,Everton,Vitalii Mykolenko,1,2025,72,10291,D,31,2783,0,0.2774586006999016,0,0.2774586006999016,1,1.0944285802543163,9,20,6,0,6.803890269249678,5.769070604816079
ENG-Premier League,2526,Fulham,Adama Traoré,1,2025,228,900,M S,24,326,0,0.6883524060249329,0,0.6883524060249329,0,0.41468898579478264,7,3,1,0,1.7696308875456452,0.703641195781529
ENG-Premier League,2526,Fulham,Alex Iwobi,1,2025,228,500,M,27,2312,4,1.8959347745403647,4,1.8959347745403647,3,3.4422391690313816,31,39,3,0,9.326261093840003,5.978312764316797
ENG-Premier League,2526,Fulham,Antonee Robinson,1,2025,228,8940,D S,20,1304,0,0.19843307230621576,0,0.19843307230621576,0,0.9450412020087242,4,19,4,0,4.114393882453442,3.517760969698429
ENG-Premier League,2526,Fulham,Bernd Leno,1,2025,228,181,GK,36,3240,0,0.0,0,0.0,0,0.0,0,0,3,0,4.576226651668549,4.576226651668549
ENG-Premier League,2526,Fulham,Calvin Bassey,1,2025,228,11728,D S,28,2343,1,1.1909357141703367,1,1.1909357141703367,0,0.4004831463098526,11,9,5,0,5.993383001536131,5.728447958827019
ENG-Premier League,2526,Fulham,Emile Smith-Rowe,1,2025,228,7230,M S,35,1773,3,4.159679356962442,3,4.159679356962442,0,1.417598308995366,34,18,1,0,8.092500943690538,3.749872036278248
ENG-Premier League,2526,Fulham,Harrison Reed,1,2025,228,910,M S,7,79,1,0.08659443259239197,1,0.08659443259239197,0,0.4029217101633549,2,3,0,0,0.4040597602725029,0.26933370530605316
ENG-Premier League,2526,Fulham,Harry Wilson,1,2025,228,5596,M S,34,2731,10,5.635010724887252,10,5.635010724887252,6,5.479181645438075,74,36,7,0,10.868088003247976,4.033772559836507
ENG-Premier League,2526,Fulham,Issa Diop,1,2025,228,3203,D S,11,630,0,0.04643355309963226,0,0.04643355309963226,0,0.0,1,0,2,0,1.11071140691638,1.11071140691638
ENG-Premier League,2526,Fulham,Joachim Andersen,1,2025,228,6314,D,33,2882,0,1.6593082277104259,0,1.6593082277104259,1,0.5809159595519304,16,6,7,1,9.259830322116613,8.9278842844069
ENG-Premier League,2526,Fulham,Jonah Kusi-Asare,1,2025,228,13262,S,7,28,0,0.0,0,0.0,0,0.081977978348732,0,1,1,0,0.081977978348732,0.0
ENG-Premier League,2526,Fulham,Jorge Cuenca,1,2025,228,8489,D S,14,948,0,0.050821494311094284,0,0.050821494311094284,0,0.5158752724528313,1,3,5,0,2.2441382743418217,2.2441382743418217
ENG-Premier League,2526,Fulham,Joshua King,1,2025,228,12410,F M S,30,1274,1,3.7007182464003563,1,3.7007182464003563,2,0.9393498795107007,25,13,4,0,5.806363377720118,2.386074434965849
ENG-Premier League,2526,Fulham,Kenny Tete,1,2025,228,5973,D S,22,1805,1,0.728774206712842,1,0.728774206712842,0,0.9490535911172628,16,11,2,0,3.9443747084587812,3.1575920060276985
ENG-Premier League,2526,Fulham,Kevin,1,2025,228,14030,M S,24,897,1,1.2567964037880301,1,1.2567964037880301,1,1.2053345758467913,23,13,1,0,4.6470092833042145,2.787612769752741
ENG-Premier League,2526,Fulham,Oscar Bobb,1,2025,228,11903,F M S,21,886,0,1.4291031155735254,0,1.4291031155735254,1,1.576338391751051,12,18,1,0,4.917474795132875,3.1430453695356846
ENG-Premier League,2526,Fulham,Raúl Jiménez,1,2025,228,4105,F S,34,2183,9,11.88337641209364,5,8.838701020926237,3,1.944130852818489,70,25,5,0,10.397177431732416,1.4577436484396458
ENG-Premier League,2526,Fulham,Rodrigo Muniz,1,2025,228,10717,F S,19,853,1,4.098898101598024,1,4.098898101598024,1,0.9614864559844136,28,8,2,0,4.3125631511211395,1.1866392008960247
ENG-Premier League,2526,Fulham,Ryan Sessegnon,1,2025,228,6837,D M S,27,1830,3,2.04829409904778,3,2.04829409904778,1,2.2284331284463406,16,14,0,0,8.259379532188177,5.088316984474659
ENG-Premier League,2526,Fulham,Samuel Chukwueze,1,2025,228,7208,M S,22,1045,3,2.3333342373371124,3,2.3333342373371124,4,2.817155722528696,25,23,0,0,7.052116136997938,2.818359221331775
ENG-Premier League,2526,Fulham,Sander Berge,1,2025,228,8285,M S,33,2795,0,1.1235590726137161,0,1.1235590726137161,1,1.7461756067350507,12,18,5,0,9.906340949237347,8.359798267483711
ENG-Premier League,2526,Fulham,Sasa Lukic,1,2025,228,1537,M S,25,1641,1,2.339236881583929,1,2.339236881583929,2,1.9617980867624283,18,26,9,0,6.145421413704753,3.2771575432270765
ENG-Premier League,2526,Fulham,Timothy Castagne,1,2025,228,6157,D M S,28,1669,0,1.268464065156877,0,1.268464065156877,0,1.5904814032837749,12,15,4,0,5.954540836624801,4.94633998721838
ENG-Premier League,2526,Fulham,Tom Cairney,1,2025,228,6835,M S,23,722,1,0.6683581359684467,1,0.6683581359684467,0,0.5474627763032913,14,9,3,0,3.974945366382599,3.2573820017278194
ENG-Premier League,2526,Leeds,Anton Stach,1,2025,245,9910,M S,27,2229,5,2.8710565622895956,5,2.8710565622895956,3,5.901143316179514,53,59,3,0,10.019270846620202,6.145539548248053
ENG-Premier League,2526,Leeds,Ao Tanaka,1,2025,245,13834,M S,25,1099,2,2.140748105943203,2,2.140748105943203,0,1.3577267043292522,16,18,1,0,6.665306676179171,4.2300532925873995
ENG-Premier League,2526,Leeds,Brenden Aaronson,1,2025,245,10751,F M S,34,2300,4,5.61244504339993,4,5.61244504339993,5,5.275732930749655,42,31,2,0,12.924557900056243,3.426864255219698
ENG-Premier League,2526,Leeds,Daniel James,1,2025,245,5595,F S,16,393,0,0.7218855582177639,0,0.7218855582177639,0,0.448430385440588,11,8,0,0,1.4321043901145458,0.29825062304735184
ENG-Premier League,2526,Leeds,Dominic Calvert-Lewin,1,2025,245,5555,F S,32,2481,12,16.58297453261912,9,13.538335958495736,1,1.47741187363863,68,17,2,0,16.33921236358583,2.4752141814678907
ENG-Premier League,2526,Leeds,Ethan Ampadu,1,2025,245,6369,M,32,2860,1,1.946105619892478,1,1.946105619892478,1,1.1380233829841018,26,18,9,0,11.054799829609692,9.917027469724417
ENG-Premier League,2526,Leeds,Gabriel Gudmundsson,1,2025,245,9944,D M S,32,2657,0,0.8777289493009448,0,0.8777289493009448,0,3.1013932153582573,18,21,4,1,6.76558150164783,4.2711070496588945
ENG-Premier League,2526,Leeds,Ilia Gruev,1,2025,245,8000,M S,23,1310,0,0.7337606139481068,0,0.7337606139481068,3,1.4936000779271126,7,11,3,0,3.584418125450611,2.230386760085821
ENG-Premier League,2526,Leeds,Jack Harrison,1,2025,245,8720,F S,11,232,0,0.43386831134557724,0,0.43386831134557724,0,0.3380284607410431,6,1,0,0,1.0663754409179091,0.32905645575374365
ENG-Premier League,2526,Leeds,Jaka Bijol,1,2025,245,6807,D S,22,1643,1,0.718483354896307,1,0.718483354896307,2,1.0516597013920546,15,6,3,0,5.388949410989881,4.401866571977735
ENG-Premier League,2526,Leeds,James Justin,1,2025,245,7753,D M S,26,1625,2,2.4627940729260445,2,2.4627940729260445,1,1.6458982974290848,21,11,4,0,3.904313053935766,2.2335819005966187
ENG-Premier League,2526,Leeds,Jayden Bogle,1,2025,245,9205,D M S,33,2742,1,1.868973477743566,1,1.868973477743566,2,3.484444595873356,17,20,6,0,10.919060045853257,6.328800912946463
ENG-Premier League,2526,Leeds,Joe Rodon,1,2025,245,6377,D S,32,2684,2,1.616387914866209,2,1.616387914866209,0,0.3335047736763954,17,6,2,0,6.093096692115068,5.778317257761955
ENG-Premier League,2526,Leeds,Joël Piroe,1,2025,245,13835,F S,14,191,0,0.9712987393140793,0,0.9712987393140793,0,0.08580565452575684,11,1,0,0,1.1191052626818419,0.21693582646548748
ENG-Premier League,2526,Leeds,Karl Darlow,1,2025,245,780,GK,19,1710,0,0.0,0,0.0,0,0.0,0,0,1,0,1.4363545924425125,1.4363545924425125
ENG-Premier League,2526,Leeds,Lucas Perri,1,2025,245,12369,GK,16,1440,0,0.0,0,0.0,0,0.0,0,0,2,0,2.474491350352764,2.474491350352764
ENG-Premier League,2526,Leeds,Lukas Nmecha,1,2025,245,6544,F S,28,933,6,7.401367826387286,4,5.117861291393638,1,0.9115723762661219,28,7,0,0,5.1362104415893555,1.097790252417326
ENG-Premier League,2526,Leeds,Noah Okafor,1,2025,245,11966,F M S,28,1592,8,6.296696716919541,8,6.296696716919541,1,2.259315438568592,35,19,3,0,10.915966423228383,3.821857213973999
ENG-Premier League,2526,Leeds,Pascal Struijk,1,2025,245,8717,D S,32,2791,0,2.9262821543961763,0,2.9262821543961763,1,1.093722109682858,30,12,5,0,6.291706646792591,5.394120264798403
ENG-Premier League,2526,Leeds,Sam Byram,1,2025,245,902,S,1,4,0,0.0,0,0.0,0,0.0,0,0,0,0,0.0,0.0
ENG-Premier League,2526,Leeds,Sean Longstaff,1,2025,245,7078,M S,21,969,2,0.7574732601642609,2,0.7574732601642609,2,2.7682253569364548,14,25,2,0,3.0844228342175484,1.7294726222753525
ENG-Premier League,2526,Leeds,Sebastiaan Bornauw,1,2025,245,7791,D S,9,316,0,0.0,0,0.0,0,0.0,0,0,1,0,0.39773938059806824,0.39773938059806824
ENG-Premier League,2526,Leeds,Wilfried Gnonto,1,2025,245,11155,F S,20,421,0,0.4051654562354088,0,0.4051654562354088,1,1.2272425219416618,9,7,3,0,2.8270123414695263,1.2366269938647747
ENG-Premier League,2526,Liverpool,Alexander Isak,1,2025,87,5232,F S,14,717,3,3.2453083600848913,3,3.2453083600848913,1,0.8461103290319443,17,2,0,0,4.25296457670629,0.9801311492919922
ENG-Premier League,2526,Liverpool,Alexis Mac Allister,1,2025,87,8379,M S,35,2503,2,3.6070517553016543,2,3.6070517553016543,4,2.6681410809978843,47,29,6,0,12.508250998333097,7.869856126606464
ENG-Premier League,2526,Liverpool,Alisson,1,2025,87,1257,GK,25,2250,0,0.0,0,0.0,0,0.0,0,0,1,0,3.9370069336146116,3.9370069336146116
ENG-Premier League,2526,Liverpool,Andrew Robertson,1,2025,87,1688,D S,23,1074,1,1.0243429765105247,1,1.0243429765105247,0,1.394720446318388,9,18,0,0,5.784680139273405,4.428896400146186
ENG-Premier League,2526,Liverpool,Cody Gakpo,1,2025,87,11296,F M S,34,2591,7,8.941126476973295,7,8.941126476973295,5,6.3657439183443785,83,50,3,0,17.014311011880636,5.07487335242331
ENG-Premier League,2526,Liverpool,Conor Bradley,1,2025,87,10120,D S,15,962,0,0.21982916723936796,0,0.21982916723936796,1,1.1937107481062412,6,4,5,0,3.412436105310917,2.4054819140583277
ENG-Premier League,2526,Liverpool,Curtis Jones,1,2025,87,6665,D M S,32,1730,0,1.7071548094972968,0,1.7071548094972968,2,2.7279676627367735,19,20,2,0,9.565578768029809,6.819050878286362
ENG-Premier League,2526,Liverpool,Dominik Szoboszlai,1,2025,87,9788,D F M,34,3056,6,4.325202189385891,6,3.5640333369374275,5,7.079473927617073,67,68,8,1,19.26888871192932,14.050635036081076
ENG-Premier League,2526,Liverpool,Federico Chiesa,1,2025,87,1433,M S,25,226,2,1.578618135303259,2,1.578618135303259,1,1.4720365405082703,15,3,3,0,3.654869545251131,0.6860316321253777
ENG-Premier League,2526,Liverpool,Florian Wirtz,1,2025,87,8397,F M S,31,2391,5,6.957759741693735,5,6.957759741693735,3,5.384264823049307,48,60,1,0,19.934254322201014,10.631832390092313
ENG-Premier League,2526,Liverpool,Freddie Woodman,1,2025,87,852,GK S,3,210,0,0.0,0,0.0,0,0.0,0,0,0,0,0.6411428824067116,0.6411428824067116
ENG-Premier League,2526,Liverpool,Giorgi Mamardashvili,1,2025,87,9693,GK,9,780,0,0.0,0,0.0,0,0.0,0,0,0,0,2.2863197792321444,2.2863197792321444
ENG-Premier League,2526,Liverpool,Hugo Ekitike,1,2025,87,8995,F S,28,1835,11,11.932188130915165,11,11.932188130915165,4,2.49130567535758,65,21,0,0,16.322998896241188,4.886437067762017
ENG-Premier League,2526,Liverpool,Ibrahima Konaté,1,2025,87,6326,D,34,2953,1,1.843844497576356,1,1.843844497576356,0,0.6984626250341535,10,7,6,0,10.275079809129238,9.956655912101269
ENG-Premier League,2526,Liverpool,Jeremie Frimpong,1,2025,87,9328,D M S,20,1014,0,0.514072947204113,0,0.514072947204113,1,2.353353440761566,10,14,1,0,5.407018333673477,3.853940596804023
ENG-Premier League,2526,Liverpool,Joseph Gomez,1,2025,87,987,D S,19,507,0,0.14390717819333076,0,0.14390717819333076,2,1.2491662725806236,2,5,3,0,4.2068783566355705,3.0210587233304977
ENG-Premier League,2526,Liverpool,Milos Kerkez,1,2025,87,11709,D S,32,2177,2,1.326234550215304,2,1.326234550215304,1,1.7954266592860222,8,25,4,0,8.837687635794282,6.275320049375296
ENG-Premier League,2526,Liverpool,Mohamed Salah,1,2025,87,1250,F M S,25,2073,7,8.550151661038399,6,7.7889828234910965,6,5.804407625459135,63,48,1,0,15.912464633584023,5.676424406468868
ENG-Premier League,2526,Liverpool,Rio Ngumoha,1,2025,87,13692,M S,17,349,2,1.0488481633365154,2,1.0488481633365154,1,2.0209337063133717,11,13,0,0,4.058332171291113,1.046271656639874
ENG-Premier League,2526,Liverpool,Ryan Gravenberch,1,2025,87,10697,M S,34,2853,5,1.4140774374827743,5,1.4140774374827743,3,2.3058661445975304,35,27,5,0,12.836072763428092,10.556967563927174
ENG-Premier League,2526,Liverpool,Treymaurice Nyoni,1,2025,87,12203,S,5,9,0,0.4788391590118408,0,0.4788391590118408,0,0.04941660165786743,1,1,0,0,0.6415212154388428,0.11326546967029572
ENG-Premier League,2526,Liverpool,Virgil van Dijk,1,2025,87,833,D,36,3240,4,4.321893634274602,4,4.321893634274602,0,0.2787668388336897,27,10,4,0,11.140324552543461,10.149162949062884
ENG-Premier League,2526,Liverpool,Wataru Endo,1,2025,87,8808,D S,8,162,0,0.06196111440658569,0,0.06196111440658569,1,0.13890482485294342,1,1,1,0,0.9600183218717575,0.7591523677110672
ENG-Premier League,2526,Manchester City,Abduqodir Khusanov,1,2025,88,11763,D S,19,1241,0,0.6410849327221513,0,0.6410849327221513,0,0.5715384930372238,5,6,2,0,6.084422867745161,5.608813416212797
ENG-Premier League,2526,Manchester City,Bernardo Silva,1,2025,88,3635,M S,35,2718,2,2.616938281804323,2,2.616938281804323,4,5.251482831314206,26,46,9,0,23.887835573405027,18.18277045339346
ENG-Premier League,2526,Manchester City,Divine Mukasa,1,2025,88,14055,S,2,21,0,0.0,0,0.0,0,0.21173159405589104,0,2,0,0,0.7216724120080471,0.5099408626556396
ENG-Premier League,2526,Manchester City,Erling Haaland,1,2025,88,8260,F S,34,2889,26,28.63835158199072,23,25.593676142394543,8,5.060019047930837,123,24,2,0,32.22340116649866,5.163548586890101
ENG-Premier League,2526,Manchester City,Gianluigi Donnarumma,1,2025,88,1116,GK,32,2880,0,0.0,0,0.0,0,0.0,0,0,7,0,6.665745299309492,6.665745299309492
ENG-Premier League,2526,Manchester City,James Trafford,1,2025,88,9077,GK,3,270,0,0.0,0,0.0,0,0.0,0,0,0,0,1.4181099254637957,1.4181099254637957
ENG-Premier League,2526,Manchester City,John Stones,1,2025,88,586,D S,7,356,0,0.0,0,0.0,0,0.06276297569274902,0,1,0,0,2.0764190293848515,2.0136560536921024
ENG-Premier League,2526,Manchester City,Josko Gvardiol,1,2025,88,9790,D S,16,1307,2,1.818312879651785,2,1.818312879651785,2,0.43760474771261215,16,4,2,0,10.002344310283661,9.454283580183983
ENG-Premier League,2526,Manchester City,Jéremy Doku,1,2025,88,8981,F M S,27,1663,5,3.7303824136033654,5,3.7303824136033654,5,7.445959782227874,35,56,0,0,17.740781856700778,8.819111281074584
ENG-Premier League,2526,Manchester City,Mateo Kovacic,1,2025,88,2254,S,3,23,0,0.03216397017240524,0,0.03216397017240524,1,0.37597593665122986,1,3,0,0,0.9146946668624878,0.5576056651771069
ENG-Premier League,2526,Manchester City,Matheus Nunes,1,2025,88,11000,D S,32,2717,1,0.6754733501002192,1,0.6754733501002192,5,3.0714358370751143,7,27,5,0,21.433028608560562,19.617935210466385
ENG-Premier League,2526,Manchester City,Mathis Cherki,1,2025,88,8094,F M S,30,1720,4,4.558919496834278,4,4.558919496834278,11,10.223456609994173,53,58,1,0,20.166541188955307,11.157610276713967
ENG-Premier League,2526,Manchester City,Max Alleyne,1,2025,88,13298,D,2,138,0,0.38138192892074585,0,0.38138192892074585,0,0.032163284718990326,2,1,0,0,0.3675581216812134,0.3675581216812134
ENG-Premier League,2526,Manchester City,Nathan Aké,1,2025,88,579,D S,16,569,0,0.9853297546505928,0,0.9853297546505928,0,0.7114442009478807,6,6,1,0,3.8360913544893265,3.3258829787373543
ENG-Premier League,2526,Manchester City,Nico González,1,2025,88,9802,M S,24,1486,1,0.5323873395100236,1,0.5323873395100236,0,0.8611094998195767,13,10,6,0,14.360877335071564,13.7659922670573
ENG-Premier League,2526,Manchester City,Nico O'Reilly,1,2025,88,11592,D M S,33,2556,5,6.2188606932759285,5,6.2188606932759285,3,3.847439743578434,39,23,5,0,20.586688136681914,14.651449631899595
ENG-Premier League,2526,Manchester City,Omar Marmoush,1,2025,88,8393,F M S,19,602,2,3.0277086682617664,2,3.0277086682617664,3,2.126938968896866,26,12,3,0,5.2427631095051765,0.45748411677777767
ENG-Premier League,2526,Manchester City,Phil Foden,1,2025,88,6055,F M S,30,1879,7,6.678599916398525,7,6.678599916398525,3,4.84306940343231,54,45,4,0,19.03952351771295,10.803105937317014
ENG-Premier League,2526,Manchester City,Rayan Ait Nouri,1,2025,88,6674,D S,15,881,0,0.4449732881039381,0,0.4449732881039381,2,1.5047449823468924,8,10,2,0,6.996271787211299,6.434507254511118
ENG-Premier League,2526,Manchester City,Rico Lewis,1,2025,88,10847,D S,10,299,0,0.07378528267145157,0,0.07378528267145157,1,1.4945278838276863,2,6,1,0,2.6490715742111206,1.2449853271245956
ENG-Premier League,2526,Manchester City,Rodri,1,2025,88,2496,M S,20,1410,1,0.9705794611945748,1,0.9705794611945748,0,2.2365365587174892,13,24,2,0,11.745607800781727,10.52165450155735
ENG-Premier League,2526,Manchester City,Rúben Dias,1,2025,88,8961,D S,25,2052,2,0.43706189282238483,2,0.43706189282238483,0,0.40935616102069616,10,6,3,0,14.39133687876165,13.95382341183722
ENG-Premier League,2526,Manchester City,Sávio,1,2025,88,11735,M S,21,580,0,2.543069673702121,0,2.543069673702121,1,0.6098880097270012,14,6,2,0,4.509414363652468,2.4023067243397236
ENG-Premier League,2526,Manchester City,Tijjani Reijnders,1,2025,88,11965,M S,27,1562,5,4.5921297036111355,5,4.5921297036111355,2,3.0732941813766956,45,18,2,0,12.86397884041071,7.050159489735961
ENG-Premier League,2526,Manchester United,Altay Bayindir,1,2025,89,12054,GK,6,540,0,0.0,0,0.0,0,0.2939172387123108,0,1,0,0,1.0489089861512184,0.7549917474389076
ENG-Premier League,2526,Manchester United,Amad Diallo Traore,1,2025,89,8127,D M S,30,2161,2,5.498443366959691,2,5.498443366959691,2,4.175271101295948,50,38,2,0,16.471055841073394,8.614628296345472
ENG-Premier League,2526,Manchester United,Ayden Heaven,1,2025,89,13080,D S,17,923,0,0.21505310852080584,0,0.21505310852080584,1,0.365470789372921,3,2,2,0,4.165300289168954,3.7110456619411707
ENG-Premier League,2526,Manchester United,Bendito Mantato,1,2025,89,14266,S,1,14,0,0.0,0,0.0,0,0.03647809848189354,0,1,0,0,0.12379638105630875,0.12379638105630875
ENG-Premier League,2526,Manchester United,Benjamin Sesko,1,2025,89,11974,F S,30,1636,11,12.504127995111048,11,12.504127995111048,1,0.5977376587688923,61,9,2,0,14.22715387493372,1.6295164097100496
ENG-Premier League,2526,Manchester United,Bruno Fernandes,1,2025,89,1228,M,33,2902,8,11.417255909182131,4,6.850242850370705,19,15.933160498738289,79,125,5,0,22.91757862549275,10.349333085119724
ENG-Premier League,2526,Manchester United,Bryan Mbeumo,1,2025,89,6552,F M S,31,2518,9,10.073703539557755,9,10.073703539557755,3,4.765219561755657,66,44,4,0,18.68737630546093,6.0007143234834075
ENG-Premier League,2526,Manchester United,Casemiro,1,2025,89,2248,M S,33,2567,9,6.368296783417463,9,6.368296783417463,2,3.005023770034313,49,34,8,1,14.675639409571886,10.547920849174261
ENG-Premier League,2526,Manchester United,Diogo Dalot,1,2025,89,7281,D S,33,2524,1,2.0861635599285364,1,2.0861635599285364,3,3.3998383646830916,23,28,5,0,12.519559610635042,9.33183809183538
ENG-Premier League,2526,Manchester United,Harry Maguire,1,2025,89,1687,D S,21,1486,1,1.15066771581769,1,1.15066771581769,2,0.6090736985206604,13,3,3,1,4.104676898568869,4.104676898568869
ENG-Premier League,2526,Manchester United,Jack Fletcher,1,2025,89,13150,S,3,97,0,0.037386249750852585,0,0.037386249750852585,0,0.11487564817070961,1,2,0,0,0.26276974007487297,0.14789408445358276
ENG-Premier League,2526,Manchester United,Joshua Zirkzee,1,2025,89,8044,F M S,22,551,2,3.4796081632375717,2,3.4796081632375717,1,1.168784772977233,22,10,3,0,6.201449453830719,2.5079737175256014
ENG-Premier League,2526,Manchester United,Kobbie Mainoo,1,2025,89,11174,M S,26,1443,1,0.38030465599149466,1,0.38030465599149466,2,1.0560636082664132,11,18,1,0,7.433799762278795,6.918379904702306
ENG-Premier League,2526,Manchester United,Leny Yoro,1,2025,89,10564,D S,31,1723,0,1.2473983131349087,0,1.2473983131349087,0,0.2197452150285244,9,4,1,0,4.670362060889602,4.4985275361686945
ENG-Premier League,2526,Manchester United,Lisandro Martínez,1,2025,89,10802,D S,16,1037,0,0.05390207935124636,0,0.05390207935124636,0,0.4361163191497326,4,4,0,1,5.187347691506147,5.094356346875429
ENG-Premier League,2526,Manchester United,Luke Shaw,1,2025,89,1006,D,36,3094,0,0.501862533390522,0,0.501862533390522,1,1.4936611289158463,8,15,8,0,10.346132419072092,9.595310526899993
ENG-Premier League,2526,Manchester United,Manuel Ugarte,1,2025,89,11766,M S,22,850,0,0.8379190387204289,0,0.8379190387204289,0,0.12879487127065659,13,3,1,0,3.852708961814642,3.154600067064166
ENG-Premier League,2526,Manchester United,Mason Mount,1,2025,89,7768,M S,21,936,3,1.7134401425719261,3,1.7134401425719261,0,1.3764615170657635,18,14,2,0,4.995950569398701,3.022474971599877
ENG-Premier League,2526,Manchester United,Matheus Cunha,1,2025,89,7080,F M S,32,2425,9,6.315919084474444,9,6.315919084474444,2,2.7290747724473476,86,29,4,0,14.834331959486008,8.13499104604125
ENG-Premier League,2526,Manchester United,Matthijs de Ligt,1,2025,89,7902,D,13,1170,1,1.3233719654381275,1,1.3233719654381275,0,0.4281761646270752,11,3,0,0,2.8319015204906464,2.3887862116098404
ENG-Premier League,2526,Manchester United,Noussair Mazraoui,1,2025,89,10696,D S,19,913,0,0.19680644385516644,0,0.19680644385516644,0,0.11883417516946793,5,5,3,0,4.5179452411830425,4.360313966870308
ENG-Premier League,2526,Manchester United,Patrick Dorgu,1,2025,89,11944,D M S,24,1362,3,2.1172780096530914,3,2.1172780096530914,3,2.7819646410644054,21,25,5,0,5.93303251452744,1.712141117081046
ENG-Premier League,2526,Manchester United,Senne Lammens,1,2025,89,14056,GK,30,2700,0,0.0,0,0.0,0,0.0,0,0,0,0,3.0453365482389927,3.0453365482389927
ENG-Premier League,2526,Manchester United,Shea Lacey,1,2025,89,14198,S,2,6,0,0.05930102616548538,0,0.05930102616548538,0,0.0,3,0,0,0,0.1093531921505928,0.05005216225981712
ENG-Premier League,2526,Manchester United,Tyler Fletcher,1,2025,89,14272,S,1,1,0,0.0,0,0.0,0,0.0,0,0,0,0,0.0,0.0
ENG-Premier League,2526,Manchester United,Tyler Fredricson,1,2025,89,13467,S,1,1,0,0.0,0,0.0,0,0.0,0,0,0,0,0.0,0.0
ENG-Premier League,2526,Manchester United,Tyrell Malacia,1,2025,89,10803,S,2,2,0,0.0,0,0.0,0,0.0,0,0,0,0,0.05225421115756035,0.05225421115756035
ENG-Premier League,2526,Newcastle United,Aaron Ramsdale,1,2025,86,5603,GK S,12,998,0,0.0,0,0.0,0,0.07100074738264084,0,1,2,0,2.482472578063607,2.411471823230386
ENG-Premier League,2526,Newcastle United,Alex Murphy,1,2025,86,12199,S,1,1,0,0.0,0,0.0,0,0.0,0,0,0,0,0.0,0.0
ENG-Premier League,2526,Newcastle United,Anthony Elanga,1,2025,86,9524,F M S,30,1268,0,1.3304177578538656,0,1.3304177578538656,1,1.7495205141603947,16,15,0,0,4.059074118733406,1.7364164628088474
ENG-Premier League,2526,Newcastle United,Anthony Gordon,1,2025,86,8150,F M S,26,1888,6,8.756197515875101,3,6.472690913826227,2,3.714877739548683,48,26,3,1,10.976929228752851,4.042658658698201
ENG-Premier League,2526,Newcastle United,Bruno Guimarães,1,2025,86,8327,M S,27,2306,9,6.478535166010261,7,4.956197490915656,5,3.8693104553967714,39,44,5,0,13.44165362790227,8.73702023178339
ENG-Premier League,2526,Newcastle United,Dan Burn,1,2025,86,7382,D S,27,2104,1,0.9214910920709372,1,0.9214910920709372,2,0.36288652662187815,10,6,9,1,5.070664972066879,4.8191908076405525
ENG-Premier League,2526,Newcastle United,Emil Krafth,1,2025,86,1545,D,1,51,0,0.0,0,0.0,0,0.0,0,0,0,0,0.02087610773742199,0.02087610773742199
ENG-Premier League,2526,Newcastle United,Fabian Schär,1,2025,86,76,D S,16,1096,0,0.9631823003292084,0,0.9631823003292084,0,0.16267805825918913,17,4,1,0,3.1928995680063963,3.059698922559619
ENG-Premier League,2526,Newcastle United,Harvey Barnes,1,2025,86,6681,F M S,35,1830,7,7.796812070533633,7,7.796812070533633,0,2.5737088974565268,54,20,1,0,11.623990440741181,3.7019413206726313
ENG-Premier League,2526,Newcastle United,Jacob Murphy,1,2025,86,6063,F M S,31,1567,3,3.0877593010663986,3,3.0877593010663986,2,4.662523161619902,40,22,2,0,8.108255276456475,2.566736124455929
ENG-Premier League,2526,Newcastle United,Jacob Ramsey,1,2025,86,8941,M S,26,1241,2,1.2112666741013527,2,1.2112666741013527,2,1.2206467390060425,16,20,3,1,4.768493382260203,3.550092564895749
ENG-Premier League,2526,Newcastle United,Jamaal Lascelles,1,2025,86,766,S,2,8,0,0.0783025473356247,0,0.0783025473356247,0,0.0,1,0,0,0,0.0,0.0
ENG-Premier League,2526,Newcastle United,Joe Willock,1,2025,86,6630,M S,22,855,0,1.234296852722764,0,1.234296852722764,1,1.3319695387035608,14,11,3,0,3.9376430176198483,2.590945143252611
ENG-Premier League,2526,Newcastle United,Joelinton,1,2025,86,87,M S,27,1958,2,2.178690475411713,2,2.178690475411713,1,1.8613738622516394,32,17,9,0,10.018592189997435,7.250156426802278
ENG-Premier League,2526,Newcastle United,Kieran Trippier,1,2025,86,652,D S,20,1518,0,0.09589945524930954,0,0.09589945524930954,1,1.778491968754679,2,27,3,0,4.623883912339807,4.20559143088758
ENG-Premier League,2526,Newcastle United,Lewis Hall,1,2025,86,10216,D S,28,1984,1,1.1225533820688725,1,1.1225533820688725,1,2.4999864725396037,22,23,3,0,8.334083882160485,7.098980036564171
ENG-Premier League,2526,Newcastle United,Lewis Miley,1,2025,86,11386,D M S,23,1470,1,1.3760087750852108,1,1.3760087750852108,4,2.321293480694294,12,15,0,0,7.045767506584525,5.918216675519943
ENG-Premier League,2526,Newcastle United,Malick Thiaw,1,2025,86,8378,D S,33,2788,4,5.898031393066049,4,5.898031393066049,0,0.8268706873059273,28,6,4,0,8.347426789812744,7.843960258178413
ENG-Premier League,2526,Newcastle United,Nick Pope,1,2025,86,5552,GK,25,2242,0,0.13148732483386993,0,0.13148732483386993,0,0.0,1,0,2,0,2.243752150796354,2.243752150796354
ENG-Premier League,2526,Newcastle United,Nick Woltemade,1,2025,86,8117,F M S,31,1792,7,7.789635218679905,6,7.028466381132603,3,2.610018329694867,31,17,0,0,8.028608808293939,2.0636389032006264
ENG-Premier League,2526,Newcastle United,Sandro Tonali,1,2025,86,7958,M S,34,2530,0,1.4170023752376437,0,1.4170023752376437,2,3.6268766093999147,37,31,4,0,10.56410814076662,8.371154196560383
ENG-Premier League,2526,Newcastle United,Sven Botman,1,2025,86,8635,D S,23,1662,1,1.5100277569144964,1,1.5100277569144964,0,1.4832177460193634,14,6,2,0,5.544664250686765,5.246142581105232
ENG-Premier League,2526,Newcastle United,Valentino Livramento,1,2025,86,9512,D S,17,1323,0,0.15228571370244026,0,0.15228571370244026,1,0.6162818782031536,3,10,1,0,6.227930787950754,5.61184873059392
ENG-Premier League,2526,Newcastle United,William Osula,1,2025,86,9556,F S,22,618,5,3.9322952292859554,5,3.9322952292859554,0,0.44665464758872986,20,6,0,0,4.082463543862104,0.32972016651183367
ENG-Premier League,2526,Newcastle United,Yoane Wissa,1,2025,86,5786,F S,17,471,1,3.2381826024502516,1,3.2381826024502516,0,0.13480328023433685,13,2,2,0,4.319344099611044,1.3058659806847572
ENG-Premier League,2526,Nottingham Forest,Angus Gunn,1,2025,249,5544,S,1,38,0,0.0,0,0.0,0,0.0,0,0,0,0,0.01310538500547409,0.01310538500547409
ENG-Premier League,2526,Nottingham Forest,Arnaud Kalimuendo Muinga,1,2025,249,8056,S,9,75,0,0.25108829140663147,0,0.25108829140663147,0,0.011348750442266464,4,1,0,0,0.31318918243050575,0.06210089102387428
ENG-Premier League,2526,Nottingham Forest,Callum Hudson-Odoi,1,2025,249,6456,M S,30,1857,3,2.9516881722956896,3,2.9516881722956896,4,3.9338085064664483,30,44,0,0,11.127739728428423,5.728919830173254
ENG-Premier League,2526,Nottingham Forest,Chris Wood,1,2025,249,4456,F S,13,776,3,2.747793473303318,3,2.747793473303318,0,0.2262541465461254,20,4,0,0,3.0983829349279404,0.5070263929665089
ENG-Premier League,2526,Nottingham Forest,Dan Ndoye,1,2025,249,8662,F M S,24,1184,1,1.1724078450351954,1,1.1724078450351954,1,1.552884567528963,15,14,1,0,4.023802410811186,1.8127466365695
ENG-Premier League,2526,Nottingham Forest,Dilane Bakwa,1,2025,249,8920,M S,13,537,0,0.7644308656454086,0,0.7644308656454086,2,1.2161817625164986,9,11,1,0,2.76417763158679,1.5108420439064503
ENG-Premier League,2526,Nottingham Forest,Elliot Anderson,1,2025,249,9154,M S,36,3170,4,3.4291493920609355,3,2.6679805545136333,2,3.572026797570288,43,50,7,0,15.642364580184221,11.406840842217207
ENG-Premier League,2526,Nottingham Forest,Ibrahim Sangare,1,2025,249,5722,M S,26,2023,2,1.5703946938738227,2,1.5703946938738227,2,1.4491914678364992,16,12,5,0,7.245242852717638,5.11235155723989
ENG-Premier League,2526,Nottingham Forest,Igor Jesus,1,2025,249,13778,F M S,35,2204,6,6.962847284041345,5,6.201678446494043,4,2.280350387096405,66,15,2,0,8.190114637836814,1.7397440373897552
ENG-Premier League,2526,Nottingham Forest,Jair,1,2025,249,13779,D S,7,464,0,0.4848349690437317,0,0.4848349690437317,0,0.0,3,0,0,0,1.0148761682212353,0.5300412364304066
ENG-Premier League,2526,Nottingham Forest,James McAtee,1,2025,249,10126,M S,12,250,0,0.19975193310528994,0,0.19975193310528994,1,0.7611178159713745,4,5,1,0,1.3411822440102696,0.5397335821762681
ENG-Premier League,2526,Nottingham Forest,John Victor,1,2025,249,14017,GK,5,440,0,0.0,0,0.0,0,0.0,0,0,1,0,0.8475470691919327,0.8475470691919327
ENG-Premier League,2526,Nottingham Forest,Jota Silva,1,2025,249,12766,S,1,7,0,0.0,0,0.0,0,0.0,0,0,0,0,0.0,0.0
ENG-Premier League,2526,Nottingham Forest,Lorenzo Lucca,1,2025,249,11936,F S,4,122,1,1.1845081560313702,1,1.1845081560313702,0,0.036645036190748215,4,1,0,0,1.6722171306610107,0.48770893923938274
ENG-Premier League,2526,Nottingham Forest,Luca Netz,1,2025,249,8401,D S,5,240,0,0.0,0,0.0,0,0.09805777668952942,0,2,0,0,2.7849777787923813,2.7686005532741547
ENG-Premier League,2526,Nottingham Forest,Matz Sels,1,2025,249,6903,GK S,29,2492,0,0.0,0,0.0,0,0.0,0,0,2,0,2.2105059074237943,2.2105059074237943
ENG-Premier League,2526,Nottingham Forest,Morato,1,2025,249,13068,D S,19,1153,0,1.401793820783496,0,1.401793820783496,0,0.09368901792913675,4,2,5,0,4.036272283643484,3.4051966927945614
ENG-Premier League,2526,Nottingham Forest,Morgan Gibbs-White,1,2025,249,6857,F M S,35,2962,13,9.894120320677757,12,9.132951483130455,4,4.402888776734471,75,45,1,0,15.326273631304502,5.22996692173183
ENG-Premier League,2526,Nottingham Forest,Murillo,1,2025,249,12123,D,25,2132,1,0.5957098556682467,1,0.5957098556682467,0,0.29939603339880705,11,8,5,0,6.358569452539086,6.049851920455694
ENG-Premier League,2526,Nottingham Forest,Neco Williams,1,2025,249,8204,D S,35,3023,2,1.7852624151855707,2,1.7852624151855707,3,4.327451205812395,43,35,6,1,11.186180243268609,8.090690540149808
ENG-Premier League,2526,Nottingham Forest,Nicolás Domínguez,1,2025,249,8252,M S,25,1118,1,0.7576484093442559,1,0.7576484093442559,1,1.2484726402908564,16,10,2,0,4.42341185733676,3.288191370666027
ENG-Premier League,2526,Nottingham Forest,Nicolò Savona,1,2025,249,12905,D S,14,1036,2,1.2354809269309044,2,1.2354809269309044,0,0.5944582391530275,5,6,2,0,3.0064694937318563,1.5372497662901878
ENG-Premier League,2526,Nottingham Forest,Nikola Milenkovic,1,2025,249,6174,D S,36,3180,0,0.478016285225749,0,0.478016285225749,0,0.12305343151092529,14,1,6,0,7.8028417360037565,7.762953216210008
ENG-Premier League,2526,Nottingham Forest,Ola Aina,1,2025,249,725,D,18,1595,0,0.40960373170673847,0,0.40960373170673847,0,0.34134200774133205,12,9,3,0,3.950665080919862,3.527306206524372
ENG-Premier League,2526,Nottingham Forest,Oleksandr Zinchenko,1,2025,249,2958,D S,5,347,0,0.07670699805021286,0,0.07670699805021286,0,0.45078352838754654,4,5,0,0,1.777435079216957,1.6373481005430222
ENG-Premier League,2526,Nottingham Forest,Omari Hutchinson,1,2025,249,10348,M S,29,1511,1,2.1777186449617147,1,2.1777186449617147,4,3.7188727259635925,25,28,1,0,9.2068907674402,4.894270496442914
ENG-Premier League,2526,Nottingham Forest,Ryan Yates,1,2025,249,11003,M S,21,529,0,0.5393062010407448,0,0.5393062010407448,2,0.22749154455959797,8,5,3,0,2.6617937237024307,2.1491360887885094
ENG-Premier League,2526,Nottingham Forest,Stefan Ortega Moreno,1,2025,249,8786,GK,3,270,0,0.0,0,0.0,0,0.0,0,0,0,0,0.12923066318035126,0.12923066318035126
ENG-Premier League,2526,Nottingham Forest,Taiwo Awoniyi,1,2025,249,7814,F S,15,398,4,4.055255353450775,4,4.055255353450775,1,1.214895099401474,13,5,1,0,4.518784731626511,0.7369140423834324
ENG-Premier League,2526,Nottingham Forest,Zach Abbott,1,2025,249,13306,D S,3,166,0,0.0,0,0.0,0,0.0,0,0,0,0,0.07999436557292938,0.07999436557292938
ENG-Premier League,2526,Sunderland,Arthur Masuaku,1,2025,77,1760,D S,3,132,0,0.07842346280813217,0,0.07842346280813217,0,0.05806344375014305,1,1,1,0,0.15544621646404266,0.09738276898860931
ENG-Premier League,2526,Sunderland,Bertrand Traoré,1,2025,77,695,F M S,12,675,1,0.6248076185584068,1,0.6248076185584068,0,0.9887753147631884,12,8,1,0,2.016919732093811,1.2301255529746413
ENG-Premier League,2526,Sunderland,Brian Brobbey,1,2025,77,9789,F S,29,1799,6,5.448438256978989,6,5.448438256978989,1,1.5084331054240465,31,15,6,0,7.577446160838008,1.5537214372307062
ENG-Premier League,2526,Sunderland,Chemsdine Talbi,1,2025,77,13717,F M S,27,1529,4,2.32377387303859,4,2.32377387303859,1,0.6003798525780439,25,12,0,0,2.9205517191439867,0.8817081041634083
ENG-Premier League,2526,Sunderland,Chris Rigg,1,2025,77,13719,M S,16,769,1,0.8001006729900837,1,0.8001006729900837,0,0.6969378180801868,12,8,1,0,1.661688692867756,0.41818124428391457
ENG-Premier League,2526,Sunderland,Dan Ballard,1,2025,77,13715,D S,29,2143,2,3.6954356245696545,2,3.6954356245696545,0,1.5805855486541986,25,14,4,1,4.752503437921405,2.6088592782616615
ENG-Premier League,2526,Sunderland,Dan Neil,1,2025,77,13720,S,3,13,0,0.0,0,0.0,0,0.0,0,0,0,0,0.0,0.0
ENG-Premier League,2526,Sunderland,Dennis Cirkin,1,2025,77,8537,D S,8,312,0,0.06635839492082596,0,0.06635839492082596,0,0.0,1,0,2,0,0.6025781407952309,0.5362197458744049
ENG-Premier League,2526,Sunderland,Djiamgone Jocelin Ta Bi,1,2025,77,14460,M,1,38,0,0.0,0,0.0,0,0.0,0,0,0,0,0.0,0.0
ENG-Premier League,2526,Sunderland,Eliezer Mayenda,1,2025,77,13718,F M S,20,740,2,2.0108928252011538,2,2.0108928252011538,0,0.7425303682684898,13,4,0,0,2.4835963249206543,0.48824033699929714
ENG-Premier League,2526,Sunderland,Enzo Le Fée,1,2025,77,8651,F M S,34,2773,4,4.695444712415338,1,1.6508061420172453,5,5.767205375246704,32,48,5,0,10.395405812188983,6.6593314707279205
ENG-Premier League,2526,Sunderland,Granit Xhaka,1,2025,77,204,M S,32,2716,1,0.8072718912735581,1,0.8072718912735581,6,3.7049803622066975,21,34,7,0,8.566381600685418,7.092473650351167
ENG-Premier League,2526,Sunderland,Habib Diarra,1,2025,77,9767,M S,18,1378,2,3.1091828029602766,1,2.3480139654129744,1,0.28866475261747837,24,5,5,0,3.7280579078942537,1.527346232905984
ENG-Premier League,2526,Sunderland,Jenson Seelt,1,2025,77,13714,D S,2,135,0,0.0,0,0.0,0,0.0,0,0,0,0,0.30460771918296814,0.30460771918296814
ENG-Premier League,2526,Sunderland,Luke O'Nien,1,2025,77,14099,D S,10,398,0,0.03503738343715668,0,0.03503738343715668,0,0.0,1,0,1,1,0.9694604426622391,0.9344230443239212
ENG-Premier League,2526,Sunderland,Lutsharel Geertruida,1,2025,77,13064,D M S,26,1479,0,0.8213575817644596,0,0.8213575817644596,0,0.773734993301332,10,8,1,0,3.8312441147863865,2.602953376248479
ENG-Premier League,2526,Sunderland,Melker Ellborg,1,2025,77,14425,GK,3,270,0,0.0,0,0.0,0,0.0,0,0,0,0,0.10129684954881668,0.10129684954881668
ENG-Premier League,2526,Sunderland,Nilson Angulo,1,2025,77,14424,M S,6,271,0,0.558087632060051,0,0.558087632060051,0,0.05286954902112484,3,3,0,0,0.49975965172052383,0.11521743983030319
ENG-Premier League,2526,Sunderland,Noah Sadiki,1,2025,77,13716,M,31,2744,0,1.618839449249208,0,1.618839449249208,1,0.8392579201608896,19,17,8,0,7.502698104828596,5.5164143750444055
ENG-Premier League,2526,Sunderland,Nordi Mukiele,1,2025,77,5659,D,30,2613,3,2.6403031181544065,3,2.6403031181544065,3,2.6071550473570824,22,21,5,0,7.896793354302645,5.907125309109688
ENG-Premier League,2526,Sunderland,Omar Alderete,1,2025,77,8986,D S,32,2786,1,1.5455667236819863,1,1.5455667236819863,1,0.6074565481394529,24,9,6,0,4.549569208174944,3.7731494531035423
ENG-Premier League,2526,Sunderland,Patrick Roberts,1,2025,77,925,S,1,23,0,0.06801629066467285,0,0.06801629066467285,0,0.0,1,0,0,0,0.10939916223287582,0.04138287156820297
ENG-Premier League,2526,Sunderland,Reinildo,1,2025,77,7432,D S,23,1794,0,0.1700047692283988,0,0.1700047692283988,1,0.29589132592082024,4,6,7,1,3.0928168892860413,2.851276095956564
ENG-Premier League,2526,Sunderland,Robin Roefs,1,2025,77,13712,GK,33,2970,0,0.0,0,0.0,0,0.7053439579904079,0,4,4,0,3.1106885969638824,2.405344620347023
ENG-Premier League,2526,Sunderland,Romaine Mundle,1,2025,77,11461,M S,14,370,0,0.673394400626421,0,0.673394400626421,0,0.017134571447968483,7,1,1,0,1.284482665359974,0.6110882572829723
ENG-Premier League,2526,Sunderland,Simon Adingra,1,2025,77,11710,F M S,14,665,1,0.33560439944267273,1,0.33560439944267273,0,0.7323711905628443,6,7,2,0,1.9754448235034943,1.0532179661095142
ENG-Premier League,2526,Sunderland,Trai Hume,1,2025,77,13713,D M S,36,2888,1,2.5969387013465166,1,2.5969387013465166,1,1.726208757609129,32,21,9,0,7.134317156858742,3.57609442435205
ENG-Premier League,2526,Sunderland,Wilson Isidor,1,2025,77,7148,F S,30,1106,5,5.168096538633108,5,5.168096538633108,0,0.0,40,0,2,0,5.580873493105173,0.6748491153120995
ENG-Premier League,2526,Tottenham,Antonín Kinsky,1,2025,82,13348,GK,4,360,0,0.0,0,0.0,0,0.0,0,0,0,0,0.03264720365405083,0.03264720365405083
ENG-Premier League,2526,Tottenham,Archie Gray,1,2025,82,10184,D M S,23,1494,2,1.588539564050734,2,1.588539564050734,2,1.6584226582199335,11,8,5,0,3.5702104242518544,2.168477569706738
ENG-Premier League,2526,Tottenham,Ben Davies,1,2025,82,660,D S,3,137,1,0.7982581853866577,1,0.7982581853866577,0,0.024737762287259102,2,1,1,0,0.024737762287259102,0.024737762287259102
ENG-Premier League,2526,Tottenham,Callum Olusesi,1,2025,82,13224,S,1,12,0,0.0,0,0.0,0,0.0,0,0,0,0,0.0,0.0
ENG-Premier League,2526,Tottenham,Conor Gallagher,1,2025,82,9040,M S,13,962,1,1.0711424304172397,1,1.0711424304172397,1,0.7963188476860523,7,11,2,0,3.624207902699709,2.4805262498557568
ENG-Premier League,2526,Tottenham,Cristian Romero,1,2025,82,7218,D S,23,1878,4,1.8381627183407545,4,1.8381627183407545,1,1.8169466238468885,17,12,9,2,6.1135033164173365,4.283094780519605
ENG-Premier League,2526,Tottenham,Dane Scarlett,1,2025,82,9332,S,2,4,0,0.0,0,0.0,0,0.0,0,0,0,0,0.05061304196715355,0.05061304196715355
ENG-Premier League,2526,Tottenham,Djed Spence,1,2025,82,10764,D S,27,1956,0,1.105150444433093,0,1.105150444433093,0,1.8603137182071805,12,10,4,0,5.666773609817028,3.065219447016716
ENG-Premier League,2526,Tottenham,Dominic Solanke,1,2025,82,1679,F S,15,989,3,3.586364097893238,3,3.586364097893238,0,0.5976490452885628,20,6,1,0,4.704602524638176,1.6908956598490477
ENG-Premier League,2526,Tottenham,Guglielmo Vicario,1,2025,82,8858,GK,31,2790,0,0.0,0,0.0,0,0.07186521589756012,0,1,1,0,3.5112377842888236,3.4393725832924247
ENG-Premier League,2526,Tottenham,Iyenoma Destiny Udogie,1,2025,82,8831,D S,17,1094,0,0.17199858743697405,0,0.17199858743697405,1,1.1220016870647669,3,12,3,0,5.013402370736003,4.1157793793827295
ENG-Premier League,2526,Tottenham,James Rowswell,1,2025,82,14176,S,1,1,0,0.0,0,0.0,0,0.0,0,0,0,0,0.0,0.0
ENG-Premier League,2526,Tottenham,João Palhinha,1,2025,82,10715,D M S,30,1930,4,2.1620192136615515,4,2.1620192136615515,2,0.6405610861256719,26,6,6,0,4.156338275410235,2.8640323150902987
ENG-Premier League,2526,Tottenham,Jun'ai Byfield,1,2025,82,14134,S,1,1,0,0.0,0,0.0,0,0.0,0,0,0,0,0.0,0.0
ENG-Premier League,2526,Tottenham,Kevin Danso,1,2025,82,5261,D S,21,1219,0,0.34029728174209595,0,0.34029728174209595,0,0.10436218231916428,6,1,7,0,1.4279045732691884,1.4279045732691884
ENG-Premier League,2526,Tottenham,Lucas Bergvall,1,2025,82,12912,M S,22,950,1,1.3768548872321844,1,1.3768548872321844,3,0.29162913747131824,11,5,2,0,3.162442544475198,1.6382745932787657
ENG-Premier League,2526,Tottenham,Mathys Tel,1,2025,82,9780,F M S,28,1068,3,2.290318824350834,3,2.290318824350834,1,2.485449017956853,29,23,1,0,5.277608564123511,2.2327852584421635
ENG-Premier League,2526,Tottenham,Micky van de Ven,1,2025,82,10050,D,32,2779,4,2.423757927492261,4,2.423757927492261,1,1.0142897926270962,15,5,8,1,5.367987874895334,5.059050563722849
ENG-Premier League,2526,Tottenham,Mohammed Kudus,1,2025,82,12027,F M,19,1577,2,2.362326920963824,2,2.362326920963824,5,2.574139247648418,26,21,3,0,4.9626108556985855,1.4065115749835968
ENG-Premier League,2526,Tottenham,Pape Sarr,1,2025,82,9021,M S,24,1315,2,1.9254915285855532,2,1.9254915285855532,3,1.4533061496913433,16,8,2,0,5.930503115057945,4.705666016787291
ENG-Premier League,2526,Tottenham,Pedro Porro,1,2025,82,6912,D M S,31,2545,1,1.2865194948390126,1,1.2865194948390126,2,3.502355558797717,28,44,8,0,9.143772479146719,7.707127124071121
ENG-Premier League,2526,Tottenham,Radu Dragusin,1,2025,82,9105,D S,9,512,0,0.2077605351805687,0,0.2077605351805687,0,0.0,4,0,0,0,0.8118065074086189,0.8118065074086189
ENG-Premier League,2526,Tottenham,Randal Kolo Muani,1,2025,82,5743,F M S,27,1532,1,2.68501565605402,1,2.68501565605402,1,1.3800432309508324,19,18,3,0,3.778898613527417,0.7896932736039162
ENG-Premier League,2526,Tottenham,Richarlison,1,2025,82,6026,F M S,29,1668,10,8.010482248850167,10,8.010482248850167,4,2.864982013590634,52,16,5,0,9.109165789559484,2.0078983176499605
ENG-Premier League,2526,Tottenham,Rodrigo Bentancur,1,2025,82,6108,M S,23,1670,1,0.7922446373850107,1,0.7922446373850107,1,0.7604504339396954,11,9,7,0,4.139206271618605,3.7629706412553787
ENG-Premier League,2526,Tottenham,Souza,1,2025,82,14410,D M S,4,136,0,0.011544901877641678,0,0.011544901877641678,0,0.20236201584339142,1,3,1,0,0.5580052882432938,0.3744830936193466
ENG-Premier League,2526,Tottenham,Wilson Odobert,1,2025,82,10822,F M S,24,946,0,2.460178238339722,0,2.460178238339722,2,1.9524234533309937,21,20,0,0,5.9682222586125135,2.8834201879799366
ENG-Premier League,2526,Tottenham,Xavi Simons,1,2025,82,8700,F M S,28,1768,2,2.7162908166646957,2,2.7162908166646957,5,4.650560335256159,42,34,5,1,9.529860531911254,5.203196081332862
ENG-Premier League,2526,Tottenham,Yves Bissouma,1,2025,82,5609,M S,11,619,0,0.21238179970532656,0,0.21238179970532656,0,0.0,5,0,4,0,1.075252041220665,0.9329388849437237
ENG-Premier League,2526,West Ham,Aaron Wan-Bissaka,1,2025,81,5584,D M S,24,2027,0,0.0,0,0.0,2,1.428995594382286,0,18,4,0,3.346823346801102,2.605075971223414
ENG-Premier League,2526,West Ham,Alphonse Areola,1,2025,81,2310,GK,20,1800,0,0.0,0,0.0,1,0.02214457094669342,0,1,0,0,0.4307949170470238,0.4307949170470238
ENG-Premier League,2526,West Ham,Andy Irving,1,2025,81,12774,M S,7,178,0,0.0,0,0.0,0,0.20211828127503395,0,3,0,0,0.17365871742367744,0.1385073959827423
ENG-Premier League,2526,West Ham,Axel Disasi,1,2025,81,6885,D,12,1078,0,1.0807171128690243,0,1.0807171128690243,0,0.023904647678136826,5,1,1,0,2.4863447081297636,2.183985924348235
ENG-Premier League,2526,West Ham,Callum Marshall,1,2025,81,12359,S,2,44,0,0.2289344072341919,0,0.2289344072341919,0,0.0,1,0,0,0,0.0,0.0
ENG-Premier League,2526,West Ham,Callum Wilson,1,2025,81,468,F M S,30,1097,6,6.934451354667544,6,6.934451354667544,1,0.517014168202877,34,7,1,0,5.590252254158258,0.4792177099734545
ENG-Premier League,2526,West Ham,Crysencio Summerville,1,2025,81,9492,F M S,29,2329,5,5.538348242640495,5,5.538348242640495,1,2.8223882792517543,52,25,6,0,9.865810140967369,3.1379556749016047
ENG-Premier League,2526,West Ham,El Hadji Malick Diouf,1,2025,81,13723,D M S,30,2531,0,0.5403611212968826,0,0.5403611212968826,5,3.036643817089498,17,25,5,0,6.129509841091931,4.389277322217822
ENG-Premier League,2526,West Ham,Ezra Mayers,1,2025,81,13247,S,6,96,0,0.10989412665367126,0,0.10989412665367126,0,0.11634047329425812,1,2,0,0,0.39119094237685204,0.16495634242892265
ENG-Premier League,2526,West Ham,Freddie Potts,1,2025,81,13724,M S,22,1152,0,0.21263288706541061,0,0.21263288706541061,1,1.2075103465467691,3,8,1,0,3.1646942142397165,2.264735572040081
ENG-Premier League,2526,West Ham,George Earthy,1,2025,81,12474,S,1,7,0,0.0,0,0.0,0,0.0,0,0,0,0,0.0,0.0
ENG-Premier League,2526,West Ham,Guido Rodríguez,1,2025,81,8267,M S,6,159,0,0.024249104782938957,0,0.024249104782938957,0,0.0,1,0,1,0,0.32244982570409775,0.29820071905851364
ENG-Premier League,2526,West Ham,Igor Julio,1,2025,81,7943,D S,4,94,0,0.0,0,0.0,0,0.018099337816238403,0,1,0,0,0.06989672780036926,0.06989672780036926
ENG-Premier League,2526,West Ham,Jarrod Bowen,1,2025,81,1776,F M,36,3236,8,8.007644895464182,7,7.246476050466299,10,7.569885296747088,76,42,4,0,13.546466521918774,3.646068850532174
ENG-Premier League,2526,West Ham,Jean-Clair Todibo,1,2025,81,6816,D S,22,1802,0,0.6560113653540611,0,0.6560113653540611,1,0.3799619134515524,2,5,5,1,1.8246684949845076,1.5996535401791334
ENG-Premier League,2526,West Ham,Konstantinos Mavropanos,1,2025,81,6722,D S,29,2338,3,2.7733305976726115,3,2.7733305976726115,0,0.4895833916962147,22,4,2,0,3.8063963055610657,3.4599084723740816
ENG-Premier League,2526,West Ham,Kyle Walker-Peters,1,2025,81,885,D S,22,1275,1,1.1882447563111782,1,1.1882447563111782,0,0.3569928742945194,5,6,2,0,4.904916271567345,3.5975223556160927
ENG-Premier League,2526,West Ham,Lucas Paquetá,1,2025,81,7365,F M,18,1544,4,2.440835335291922,2,0.9184976601973176,1,3.011969303712249,23,23,5,1,4.265645559877157,1.5286574847996235
ENG-Premier League,2526,West Ham,Luis Guilherme,1,2025,81,13026,F S,5,118,0,0.039350125938653946,0,0.039350125938653946,0,0.05179738998413086,1,1,0,0,0.0911475159227848,0.0
ENG-Premier League,2526,West Ham,Mads Hermansen,1,2025,81,12910,GK,16,1440,0,0.0,0,0.0,0,0.02397770620882511,0,1,0,0,1.6474669054150581,1.6234891936182976
ENG-Premier League,2526,West Ham,Mateus Fernandes,1,2025,81,12948,M S,34,2864,3,1.7178039494901896,3,1.7178039494901896,3,3.0396492313593626,25,34,6,0,8.863703155890107,5.731629390269518
ENG-Premier League,2526,West Ham,Max Kilman,1,2025,81,7332,D S,21,1552,0,1.1671122973784804,0,1.1671122973784804,0,0.20770752429962158,7,4,4,0,1.233875660225749,1.128087779507041
ENG-Premier League,2526,West Ham,Mohamadou Kanté,1,2025,81,14219,S,9,22,0,0.10307430103421211,0,0.10307430103421211,0,0.10989412665367126,2,1,1,0,0.32195277139544487,0.10898434370756149
ENG-Premier League,2526,West Ham,Naif Aguerd,1,2025,81,6935,D,2,180,0,0.0885777547955513,0,0.0885777547955513,0,0.0,2,0,0,0,0.13815459609031677,0.13815459609031677
ENG-Premier League,2526,West Ham,Niclas Füllkrug,1,2025,81,6098,F S,8,416,0,0.9830001182854176,0,0.9830001182854176,0,0.4490955099463463,9,7,0,0,0.9092727340757847,0.1229296624660492
ENG-Premier League,2526,West Ham,Oliver Scarles,1,2025,81,12358,D S,13,665,0,0.23875021189451218,0,0.23875021189451218,0,0.97617865819484,3,5,2,0,1.589765745215118,0.6791210677474737
ENG-Premier League,2526,West Ham,Pablo,1,2025,81,14290,F M S,12,772,0,0.9620193727314472,0,0.9620193727314472,1,1.1989559046924114,10,10,0,0,2.9445532597601414,0.7969956984743476
ENG-Premier League,2526,West Ham,Soungoutou Magassa,1,2025,81,10770,M S,22,976,1,0.6193040320649743,1,0.6193040320649743,0,0.7463846588507295,7,5,4,0,2.4186487616971135,1.531560224480927
ENG-Premier League,2526,West Ham,Tomas Soucek,1,2025,81,8288,M S,33,2050,5,4.906357649713755,5,4.906357649713755,0,0.7628522217273712,22,10,2,1,6.702198155224323,4.288921844214201
ENG-Premier League,2526,West Ham,Valentín Castellanos,1,2025,81,10948,F,16,1275,4,5.422944080084562,4,5.422944080084562,0,0.747508816421032,38,12,6,0,5.618651432916522,1.1299780290573835
ENG-Premier League,2526,Wolverhampton Wanderers,Adam Armstrong,1,2025,229,4419,F M,12,1010,1,1.711610620841384,1,1.711610620841384,2,1.501315450295806,16,6,3,0,2.518165796995163,0.716374509036541
ENG-Premier League,2526,Wolverhampton Wanderers,André,1,2025,229,13022,M S,33,2583,1,0.4945291830226779,1,0.4945291830226779,0,1.24783924408257,14,18,11,0,5.764212746173143,5.09122209250927
ENG-Premier League,2526,Wolverhampton Wanderers,Angel Gomes,1,2025,229,5598,M S,11,399,0,0.1933972742408514,0,0.1933972742408514,0,0.155938308686018,6,4,1,0,1.510622825473547,1.3378768749535084
ENG-Premier League,2526,Wolverhampton Wanderers,Daniel Bentley,1,2025,229,11361,GK,3,270,0,0.0,0,0.0,0,0.0,0,0,0,0,0.22310110926628113,0.22310110926628113
ENG-Premier League,2526,Wolverhampton Wanderers,David Møller Wolfe,1,2025,229,13740,D S,20,886,0,0.08255818113684654,0,0.08255818113684654,2,1.3046692535281181,3,8,1,0,1.769135758280754,1.2761903684586287
ENG-Premier League,2526,Wolverhampton Wanderers,Emmanuel Agbadou,1,2025,229,10856,D S,14,1093,0,0.44676383305341005,0,0.44676383305341005,0,0.1717668529599905,10,4,1,1,1.6553496047854424,1.543709209188819
ENG-Premier League,2526,Wolverhampton Wanderers,Fernando López,1,2025,229,13200,M S,9,211,0,0.21815450862050056,0,0.21815450862050056,1,0.5119961202144623,5,3,1,0,0.8440351467579603,0.22909747064113617
ENG-Premier League,2526,Wolverhampton Wanderers,Hee-Chan Hwang,1,2025,229,8845,F M S,24,1296,2,2.543519526720047,1,1.7823506891727448,1,1.046207521110773,17,10,4,0,3.6204781737178564,1.1083498634397984
ENG-Premier League,2526,Wolverhampton Wanderers,Hugo Bueno,1,2025,229,10140,D M S,33,2344,1,0.8407637439668179,1,0.8407637439668179,2,3.6139051020145416,15,37,3,0,5.418242517858744,2.929296974092722
ENG-Premier League,2526,Wolverhampton Wanderers,Jackson Tchatchoua,1,2025,229,12113,D S,31,1822,0,0.10550510138273239,0,0.10550510138273239,1,2.24295702483505,3,21,3,0,6.032643620856106,4.1699837278574705
ENG-Premier League,2526,Wolverhampton Wanderers,Jean-Ricner Bellegarde,1,2025,229,7762,F M S,25,1261,1,0.8698065197095275,1,0.8698065197095275,1,1.2165567949414253,21,13,5,0,4.823835046030581,3.1245458805933595
ENG-Premier League,2526,Wolverhampton Wanderers,Jhon Arias,1,2025,229,13741,F M S,23,1140,1,3.2931467425078154,1,3.2931467425078154,0,0.8962265644222498,16,11,1,0,4.877626428380609,1.3450943380594254
ENG-Premier League,2526,Wolverhampton Wanderers,José Sá,1,2025,229,9740,GK,21,1890,0,0.0,0,0.0,0,0.08312523365020752,0,1,2,0,0.7045574262738228,0.6214321926236153
ENG-Premier League,2526,Wolverhampton Wanderers,João Gomes,1,2025,229,11384,M S,34,2755,1,1.2462569223716855,1,1.2462569223716855,1,1.441765757277608,18,16,10,0,5.866124276071787,4.743295691907406
ENG-Premier League,2526,Wolverhampton Wanderers,Ki-Jana Hoever,1,2025,229,8351,D S,8,437,0,0.00923213642090559,0,0.00923213642090559,0,0.33877117466181517,1,5,0,0,1.378377165645361,1.0303738564252853
ENG-Premier League,2526,Wolverhampton Wanderers,Ladislav Krejcí,1,2025,229,12721,D M S,26,2219,2,1.662639937363565,2,1.662639937363565,1,0.8563485778868198,19,8,3,1,4.148910779505968,2.5917173959314823
ENG-Premier League,2526,Wolverhampton Wanderers,Marshall Munetsi,1,2025,229,7908,F M S,13,863,1,1.8389983009546995,1,1.8389983009546995,1,0.38085445016622543,14,3,2,0,3.0971702244132757,1.0005560396239161
ENG-Premier League,2526,Wolverhampton Wanderers,Mateus Mané,1,2025,229,13484,M S,25,1604,2,1.6465180926024914,2,1.6465180926024914,1,1.7443536631762981,35,21,0,0,4.0319121102802455,1.9465241464786232
ENG-Premier League,2526,Wolverhampton Wanderers,Matt Doherty,1,2025,229,6852,D,11,822,0,0.08226848393678665,0,0.08226848393678665,0,0.17279621958732605,3,3,4,0,0.3009897619485855,0.12819353491067886
ENG-Premier League,2526,Wolverhampton Wanderers,Pedro Lima,1,2025,229,13156,D S,7,252,0,0.051186107099056244,0,0.051186107099056244,0,0.21663446724414825,2,3,0,0,0.3844115883111954,0.20353493839502335
ENG-Premier League,2526,Wolverhampton Wanderers,Rodrigo Gomes,1,2025,229,12756,D F M S,20,772,3,1.8211070038378239,3,1.8211070038378239,0,0.15131350979208946,17,3,0,0,2.4785654302686453,0.5730368476361036
ENG-Premier League,2526,Wolverhampton Wanderers,Sam Johnstone,1,2025,229,978,GK,12,1080,0,0.0,0,0.0,0,0.0,0,0,0,0,0.31883866991847754,0.31883866991847754
ENG-Premier League,2526,Wolverhampton Wanderers,Santiago Bueno,1,2025,229,10945,D S,27,2369,3,1.360745869576931,3,1.360745869576931,1,0.8387309368699789,9,9,4,0,4.205570835620165,3.858142768032849
ENG-Premier League,2526,Wolverhampton Wanderers,Sasa Kalajdzic,1,2025,229,8812,S,1,11,0,0.0,0,0.0,0,0.0,0,0,0,0,0.0,0.0
ENG-Premier League,2526,Wolverhampton Wanderers,Tawanda Chirewa,1,2025,229,12234,S,2,20,0,0.0,0,0.0,0,0.0,0,0,0,0,0.0,0.0
ENG-Premier League,2526,Wolverhampton Wanderers,Tolu Arokodare,1,2025,229,8875,F S,31,1329,3,6.872478522360325,3,6.111309684813023,1,1.1596579402685165,44,11,1,0,4.780992645770311,1.033082596026361
ENG-Premier League,2526,Wolverhampton Wanderers,Tom Edozie,1,2025,229,13220,S,3,6,1,0.13796093314886093,1,0.13796093314886093,0,0.0,2,0,0,0,0.13796093314886093,0.0
ENG-Premier League,2526,Wolverhampton Wanderers,Toti,1,2025,229,10293,D S,18,1423,0,0.9501397321000695,0,0.9501397321000695,0,0.15858490392565727,5,6,2,1,2.2318925885483623,2.04580488614738
ENG-Premier League,2526,Wolverhampton Wanderers,Yerson Mosquera,1,2025,229,9958,D S,25,1974,0,2.389931470155716,0,2.389931470155716,0,1.2027571620419621,26,11,11,0,5.545527631416917,3.451471148058772
