game_id,game,date,home_team,away_team,home_ppda,away_ppda,home_fouls_committed,home_yellow_cards,home_red_cards,home_tackles_won,home_interceptions,away_fouls_committed,away_yellow_cards,away_red_cards,away_tackles_won,away_interceptions,total_match_fouls,total_match_cards,avg_match_ppda,pressing_intensity_score,Atmosphere_Tension_Index
28778,2025-08-15 Liverpool-Bournemouth,2025-08-15 19:00:00,Liverpool,Bournemouth,8.764705882352942,11.583333333333334,7,1,0,12,3,10,2,0,13,9,17,9,10.174019607843139,14.825980392156861,55.65196078431372
28779,2025-08-16 Aston Villa-Newcastle United,2025-08-16 11:30:00,Aston Villa,Newcastle United,18.916666666666668,6.083333333333333,13,1,1,5,10,11,1,0,8,9,24,16,12.5,12.5,65.0
28780,2025-08-16 Brighton-Fulham,2025-08-16 14:00:00,Brighton,Fulham,8.928571428571429,16.22222222222222,16,3,0,8,10,15,3,0,7,2,31,18,12.575396825396826,12.424603174603174,73.84920634920636
28781,2025-08-16 Sunderland-West Ham,2025-08-16 14:00:00,Sunderland,West Ham,20.785714285714285,11.0,,,,,,,,,,,,,15.892857142857142,9.107142857142858,
28782,2025-08-16 Tottenham-Burnley,2025-08-16 14:00:00,Tottenham,Burnley,6.352941176470588,17.352941176470587,,,,,,,,,,,,,11.852941176470587,13.147058823529413,
28783,2025-08-16 Wolverhampton Wanderers-Manchester City,2025-08-16 16:30:00,Wolverhampton Wanderers,Manchester City,12.10344827586207,11.8,,,,,,,,,,,,,11.951724137931034,13.048275862068966,
28784,2025-08-17 Chelsea-Crystal Palace,2025-08-17 13:00:00,Chelsea,Crystal Palace,5.869565217391305,17.63157894736842,10,2,0,7,10,12,3,0,13,7,22,15,11.750572082379863,13.249427917620137,63.49885583524028
28786,2025-08-17 Manchester United-Arsenal,2025-08-17 15:30:00,Manchester United,Arsenal,7.904761904761905,11.26086956521739,,,,,,,,,,,,,9.582815734989648,15.417184265010352,
28785,2025-08-17 Nottingham Forest-Brentford,2025-08-17 13:00:00,Nottingham Forest,Brentford,11.142857142857142,9.823529411764708,7,1,0,7,9,15,2,0,6,5,22,9,10.483193277310924,14.516806722689076,60.03361344537815
28787,2025-08-18 Leeds-Everton,2025-08-18 19:00:00,Leeds,Everton,15.6875,27.5,,,,,,,,,,,,,21.59375,3.40625,
28788,2025-08-22 West Ham-Chelsea,2025-08-22 19:00:00,West Ham,Chelsea,26.307692307692307,11.947368421052632,,,,,,,,,,,,,19.12753036437247,5.872469635627532,
28793,2025-08-23 Arsenal-Leeds,2025-08-23 16:30:00,Arsenal,Leeds,7.954545454545454,27.866666666666667,,,,,,,,,,,,,17.91060606060606,7.08939393939394,
28792,2025-08-23 Bournemouth-Wolverhampton Wanderers,2025-08-23 14:00:00,Bournemouth,Wolverhampton Wanderers,5.88,10.428571428571429,,,,,,,,,,,,,8.154285714285715,16.845714285714287,
28790,2025-08-23 Brentford-Aston Villa,2025-08-23 14:00:00,Brentford,Aston Villa,10.785714285714286,5.411764705882353,11,1,0,17,9,9,2,0,12,5,20,9,8.09873949579832,16.90126050420168,62.80252100840336
28791,2025-08-23 Burnley-Sunderland,2025-08-23 14:00:00,Burnley,Sunderland,15.428571428571429,20.58333333333333,9,0,0,10,8,5,1,0,8,7,14,3,18.00595238095238,6.99404761904762,30.98809523809524
28789,2025-08-23 Manchester City-Tottenham,2025-08-23 11:30:00,Manchester City,Tottenham,10.444444444444445,13.272727272727272,,,,,,,,,,,,,11.858585858585858,13.141414141414142,
28794,2025-08-24 Crystal Palace-Nottingham Forest,2025-08-24 13:00:00,Crystal Palace,Nottingham Forest,12.782608695652174,10.36842105263158,11,3,0,11,6,11,3,0,6,10,22,18,11.575514874141877,13.424485125858123,66.84897025171625
28795,2025-08-24 Everton-Brighton,2025-08-24 13:00:00,Everton,Brighton,17.705882352941178,8.68421052631579,7,4,0,8,9,15,3,0,8,5,22,21,13.195046439628484,11.804953560371516,66.60990712074303
28796,2025-08-24 Fulham-Manchester United,2025-08-24 15:30:00,Fulham,Manchester United,9.909090909090908,10.88888888888889,,,,,,,,,,,,,10.3989898989899,14.6010101010101,
28797,2025-08-25 Newcastle United-Liverpool,2025-08-25 19:00:00,Newcastle United,Liverpool,12.045454545454543,7.571428571428571,17,2,1,5,7,15,3,0,8,0,32,25,9.808441558441558,15.191558441558442,87.38311688311688
28798,2025-08-30 Chelsea-Fulham,2025-08-30 11:30:00,Chelsea,Fulham,9.32,10.851851851851851,11,2,0,9,18,17,2,0,11,6,28,12,10.085925925925926,14.914074074074074,69.82814814814814
28803,2025-08-30 Leeds-Newcastle United,2025-08-30 16:30:00,Leeds,Newcastle United,14.863636363636363,11.238095238095235,,,,,,,,,,,,,13.0508658008658,11.9491341991342,
28802,2025-08-30 Manchester United-Burnley,2025-08-30 14:00:00,Manchester United,Burnley,15.181818181818182,16.0,,,,,,,,,,,,,15.59090909090909,9.40909090909091,
28801,2025-08-30 Sunderland-Brentford,2025-08-30 14:00:00,Sunderland,Brentford,5.184210526315789,21.545454545454547,11,3,0,12,7,12,2,0,6,4,23,15,13.364832535885167,11.635167464114833,61.270334928229666
28799,2025-08-30 Tottenham-Bournemouth,2025-08-30 14:00:00,Tottenham,Bournemouth,5.2,7.146341463414634,,,,,,,,,,,,,6.173170731707318,18.826829268292684,
28800,2025-08-30 Wolverhampton Wanderers-Everton,2025-08-30 14:00:00,Wolverhampton Wanderers,Everton,5.851851851851852,11.961538461538462,,,,,,,,,,,,,8.906695156695157,16.093304843304843,
28807,2025-08-31 Aston Villa-Crystal Palace,2025-08-31 18:00:00,Aston Villa,Crystal Palace,10.571428571428571,19.2,7,2,0,5,6,14,3,0,17,8,21,15,14.885714285714286,10.114285714285714,56.22857142857143
28805,2025-08-31 Brighton-Manchester City,2025-08-31 13:00:00,Brighton,Manchester City,11.814814814814817,11.933333333333334,16,2,0,13,8,14,2,0,7,9,30,12,11.874074074074075,13.125925925925925,68.25185185185185
28806,2025-08-31 Liverpool-Arsenal,2025-08-31 15:30:00,Liverpool,Arsenal,15.066666666666666,12.869565217391305,7,2,0,9,7,10,2,0,6,9,17,12,13.968115942028986,11.031884057971014,51.063768115942025
28804,2025-08-31 Nottingham Forest-West Ham,2025-08-31 13:00:00,Nottingham Forest,West Ham,9.846153846153848,21.46153846153846,,,,,,,,,,,,,15.653846153846153,9.346153846153847,
28808,2025-09-13 Arsenal-Nottingham Forest,2025-09-13 11:30:00,Arsenal,Nottingham Forest,10.95,14.55,8,1,0,9,6,10,1,0,9,10,18,6,12.75,12.25,48.5
28810,2025-09-13 Bournemouth-Brighton,2025-09-13 14:00:00,Bournemouth,Brighton,10.833333333333334,8.695652173913043,16,4,0,11,3,10,4,0,16,6,26,24,9.764492753623188,15.235507246376812,80.47101449275362
28815,2025-09-13 Brentford-Chelsea,2025-09-13 19:00:00,Brentford,Chelsea,20.1875,5.206896551724138,13,3,0,11,7,9,2,0,10,13,22,15,12.69719827586207,12.30280172413793,61.60560344827586
28811,2025-09-13 Crystal Palace-Sunderland,2025-09-13 14:00:00,Crystal Palace,Sunderland,13.555555555555555,17.77777777777778,10,1,0,6,6,8,1,0,9,10,18,6,15.666666666666668,9.333333333333332,42.666666666666664
28812,2025-09-13 Everton-Aston Villa,2025-09-13 14:00:00,Everton,Aston Villa,7.074074074074074,8.368421052631579,17,3,0,16,5,15,3,0,11,4,32,18,7.721247563352827,17.278752436647174,84.55750487329435
28813,2025-09-13 Fulham-Leeds,2025-09-13 14:00:00,Fulham,Leeds,9.478260869565217,13.444444444444445,,,,,,,,,,,,,11.46135265700483,13.53864734299517,
28809,2025-09-13 Newcastle United-Wolverhampton Wanderers,2025-09-13 14:00:00,Newcastle United,Wolverhampton Wanderers,10.5625,9.041666666666666,,,,,,,,,,,,,9.802083333333332,15.197916666666668,
28814,2025-09-13 West Ham-Tottenham,2025-09-13 16:30:00,West Ham,Tottenham,17.555555555555557,10.857142857142858,,,,,,,,,,,,,14.206349206349207,10.793650793650793,
28816,2025-09-14 Burnley-Liverpool,2025-09-14 13:00:00,Burnley,Liverpool,11.090909090909092,4.142857142857143,9,2,1,11,16,9,2,0,7,6,18,22,7.616883116883118,17.383116883116884,74.76623376623377
28817,2025-09-14 Manchester City-Manchester United,2025-09-14 15:30:00,Manchester City,Manchester United,19.214285714285715,9.23076923076923,,,,,,,,,,,,,14.222527472527473,10.777472527472527,
28821,2025-09-20 Brighton-Tottenham,2025-09-20 14:00:00,Brighton,Tottenham,11.48,4.84375,,,,,,,,,,,,,8.161875,16.838124999999998,
28822,2025-09-20 Burnley-Nottingham Forest,2025-09-20 14:00:00,Burnley,Nottingham Forest,18.88888888888889,9.095238095238097,12,1,0,9,12,11,1,0,6,7,23,6,13.992063492063494,11.007936507936506,51.01587301587301
28825,2025-09-20 Fulham-Brentford,2025-09-20 19:00:00,Fulham,Brentford,19.846153846153847,13.476190476190476,11,4,0,9,7,13,1,0,7,5,24,15,16.66117216117216,8.33882783882784,55.67765567765568
28818,2025-09-20 Liverpool-Everton,2025-09-20 11:30:00,Liverpool,Everton,5.884615384615385,11.304347826086955,11,2,0,7,12,10,3,0,13,10,21,15,8.59448160535117,16.40551839464883,68.81103678929766
28824,2025-09-20 Manchester United-Chelsea,2025-09-20 16:30:00,Manchester United,Chelsea,12.961538461538462,13.142857142857142,,,,,,,,,,,,,13.052197802197803,11.947802197802197,
28819,2025-09-20 West Ham-Crystal Palace,2025-09-20 14:00:00,West Ham,Crystal Palace,8.565217391304348,23.818181818181817,,,,,,,,,,,,,16.191699604743082,8.808300395256918,
28820,2025-09-20 Wolverhampton Wanderers-Leeds,2025-09-20 14:00:00,Wolverhampton Wanderers,Leeds,10.96,13.19047619047619,,,,,,,,,,,,,12.075238095238095,12.924761904761905,
28827,2025-09-21 Arsenal-Manchester City,2025-09-21 15:30:00,Arsenal,Manchester City,6.818181818181818,17.0,11,1,0,14,5,10,2,0,10,5,21,9,11.90909090909091,13.09090909090909,56.18181818181818
28823,2025-09-21 Bournemouth-Newcastle United,2025-09-21 13:00:00,Bournemouth,Newcastle United,8.363636363636363,16.41176470588235,7,2,0,8,14,10,1,0,11,8,17,9,12.387700534759357,12.612299465240643,51.224598930481285
28826,2025-09-21 Sunderland-Aston Villa,2025-09-21 13:00:00,Sunderland,Aston Villa,9.869565217391305,7.0,14,2,1,13,8,8,1,0,7,2,22,19,8.434782608695652,16.565217391304348,74.13043478260869
28828,2025-09-27 Brentford-Manchester United,2025-09-27 11:30:00,Brentford,Manchester United,11.72,12.125,,,,,,,,,,,,,11.9225,13.0775,
28829,2025-09-27 Chelsea-Brighton,2025-09-27 14:00:00,Chelsea,Brighton,8.526315789473685,9.172413793103448,9,3,1,12,9,16,5,0,12,9,25,34,8.849364791288567,16.150635208711435,91.30127041742287
28830,2025-09-27 Crystal Palace-Liverpool,2025-09-27 14:00:00,Crystal Palace,Liverpool,24.375,8.571428571428571,10,1,0,18,11,8,3,0,5,10,18,12,16.473214285714285,8.526785714285715,47.05357142857143
28832,2025-09-27 Leeds-Bournemouth,2025-09-27 14:00:00,Leeds,Bournemouth,10.076923076923077,8.4,,,,,,,,,,,,,9.23846153846154,15.76153846153846,
28833,2025-09-27 Manchester City-Burnley,2025-09-27 14:00:00,Manchester City,Burnley,16.0,17.1875,5,1,0,6,4,7,3,0,9,10,12,12,16.59375,8.40625,40.8125
28834,2025-09-27 Nottingham Forest-Sunderland,2025-09-27 16:30:00,Nottingham Forest,Sunderland,9.3,29.5,11,4,0,9,1,6,2,0,7,6,17,18,19.4,5.600000000000001,46.2
28835,2025-09-27 Tottenham-Wolverhampton Wanderers,2025-09-27 19:00:00,Tottenham,Wolverhampton Wanderers,16.928571428571427,9.5,,,,,,,,,,,,,13.214285714285714,11.785714285714286,
28831,2025-09-28 Aston Villa-Fulham,2025-09-28 13:00:00,Aston Villa,Fulham,17.357142857142858,13.833333333333334,10,1,0,4,7,13,4,0,7,8,23,15,15.595238095238095,9.404761904761905,56.80952380952381
28836,2025-09-28 Newcastle United-Arsenal,2025-09-28 15:30:00,Newcastle United,Arsenal,16.466666666666665,7.25,8,2,0,8,7,9,1,0,6,10,17,9,11.858333333333333,13.141666666666667,52.28333333333333
28837,2025-09-29 Everton-West Ham,2025-09-29 19:00:00,Everton,West Ham,12.764705882352942,13.5,,,,,,,,,,,,,13.132352941176471,11.867647058823529,
28838,2025-10-03 Bournemouth-Fulham,2025-10-03 19:00:00,Bournemouth,Fulham,13.823529411764708,19.142857142857142,8,0,0,7,4,10,1,0,8,6,18,3,16.483193277310924,8.516806722689076,38.03361344537815
28839,2025-10-04 Arsenal-West Ham,2025-10-04 14:00:00,Arsenal,West Ham,4.212121212121212,25.07692307692308,,,,,,,,,,,,,14.644522144522146,10.355477855477854,
28842,2025-10-04 Chelsea-Liverpool,2025-10-04 16:30:00,Chelsea,Liverpool,13.3,17.125,9,0,0,11,13,8,2,0,12,9,17,6,15.2125,9.7875,42.575
28844,2025-10-04 Leeds-Tottenham,2025-10-04 11:30:00,Leeds,Tottenham,10.833333333333334,15.0,,,,,,,,,,,,,12.916666666666668,12.083333333333332,
28845,2025-10-04 Manchester United-Sunderland,2025-10-04 14:00:00,Manchester United,Sunderland,10.173913043478262,9.76,,,,,,,,,,,,,9.966956521739132,15.033043478260868,
28840,2025-10-05 Aston Villa-Burnley,2025-10-05 13:00:00,Aston Villa,Burnley,12.72222222222222,7.809523809523809,9,3,0,11,6,15,1,0,13,13,24,12,10.265873015873014,14.734126984126986,65.46825396825398
28841,2025-10-05 Brentford-Manchester City,2025-10-05 15:30:00,Brentford,Manchester City,13.3,13.5,10,3,0,11,12,6,2,0,11,7,16,15,13.4,11.6,54.2
28843,2025-10-05 Everton-Crystal Palace,2025-10-05 13:00:00,Everton,Crystal Palace,9.275862068965518,6.805555555555555,13,2,0,10,12,16,3,0,16,14,29,15,8.040708812260537,16.959291187739463,77.91858237547893
28846,2025-10-05 Newcastle United-Nottingham Forest,2025-10-05 13:00:00,Newcastle United,Nottingham Forest,8.0,11.047619047619047,16,0,0,9,9,15,4,0,7,10,31,12,9.523809523809524,15.476190476190476,73.95238095238095
28847,2025-10-05 Wolverhampton Wanderers-Brighton,2025-10-05 13:00:00,Wolverhampton Wanderers,Brighton,13.571428571428571,9.818181818181818,,,,,,,,,,,,,11.694805194805195,13.305194805194805,
28848,2025-10-18 Brighton-Newcastle United,2025-10-18 14:00:00,Brighton,Newcastle United,13.409090909090908,9.64,9,0,0,14,5,9,1,0,12,7,18,3,11.524545454545454,13.475454545454546,47.95090909090909
28849,2025-10-18 Burnley-Leeds,2025-10-18 14:00:00,Burnley,Leeds,15.80952380952381,7.809523809523809,,,,,,,,,,,,,11.80952380952381,13.19047619047619,
28850,2025-10-18 Crystal Palace-Bournemouth,2025-10-18 14:00:00,Crystal Palace,Bournemouth,7.84,8.11111111111111,8,1,0,14,5,16,4,0,7,10,24,15,7.975555555555555,17.024444444444445,73.04888888888888
28851,2025-10-18 Fulham-Arsenal,2025-10-18 16:30:00,Fulham,Arsenal,18.1875,30.0,11,0,0,12,8,4,0,0,5,2,15,0,24.09375,0.90625,16.8125
28853,2025-10-18 Manchester City-Everton,2025-10-18 14:00:00,Manchester City,Everton,8.722222222222221,16.692307692307693,8,0,0,9,5,14,2,0,11,9,22,6,12.707264957264957,12.292735042735043,52.585470085470085
28854,2025-10-18 Nottingham Forest-Chelsea,2025-10-18 11:30:00,Nottingham Forest,Chelsea,14.842105263157896,8.482758620689655,13,2,0,10,9,16,4,1,8,13,29,28,11.662431941923774,13.337568058076226,83.67513611615246
28855,2025-10-18 Sunderland-Wolverhampton Wanderers,2025-10-18 14:00:00,Sunderland,Wolverhampton Wanderers,36.42857142857143,5.233333333333333,,,,,,,,,,,,,20.830952380952382,4.169047619047618,
28852,2025-10-19 Liverpool-Manchester United,2025-10-19 15:30:00,Liverpool,Manchester United,7.625,17.428571428571427,,,,,,,,,,,,,12.526785714285714,12.473214285714286,
28856,2025-10-19 Tottenham-Aston Villa,2025-10-19 13:00:00,Tottenham,Aston Villa,7.592592592592593,12.88888888888889,,,,,,,,,,,,,10.24074074074074,14.75925925925926,
28857,2025-10-20 West Ham-Brentford,2025-10-20 19:00:00,West Ham,Brentford,14.77777777777778,12.466666666666669,,,,,,,,,,,,,13.622222222222224,11.377777777777776,
28864,2025-10-24 Leeds-West Ham,2025-10-24 19:00:00,Leeds,West Ham,10.814814814814817,9.576923076923077,,,,,,,,,,,,,10.195868945868947,14.804131054131053,
28861,2025-10-25 Brentford-Liverpool,2025-10-25 19:00:00,Brentford,Liverpool,14.0,6.2,7,3,0,9,9,10,2,0,12,3,17,15,10.1,14.9,61.8
28862,2025-10-25 Chelsea-Sunderland,2025-10-25 14:00:00,Chelsea,Sunderland,9.333333333333334,21.647058823529413,15,1,0,8,3,13,1,0,8,8,28,6,15.490196078431374,9.509803921568626,53.01960784313725
28865,2025-10-25 Manchester United-Brighton,2025-10-25 16:30:00,Manchester United,Brighton,13.964285714285714,6.333333333333333,,,,,,,,,,,,,10.148809523809524,14.851190476190476,
28866,2025-10-25 Newcastle United-Fulham,2025-10-25 14:00:00,Newcastle United,Fulham,9.035714285714286,9.551724137931034,11,0,0,9,7,18,2,0,10,9,29,6,9.29371921182266,15.70628078817734,66.41256157635468
28859,2025-10-26 Arsenal-Crystal Palace,2025-10-26 13:00:00,Arsenal,Crystal Palace,12.411764705882351,28.272727272727277,6,0,0,6,7,11,0,0,9,11,17,0,20.342245989304814,4.657754010695186,26.31550802139037
28860,2025-10-26 Aston Villa-Manchester City,2025-10-26 13:00:00,Aston Villa,Manchester City,22.363636363636363,10.25,8,1,0,10,7,16,4,0,8,11,24,15,16.30681818181818,8.69318181818182,56.38636363636364
28858,2025-10-26 Bournemouth-Nottingham Forest,2025-10-26 13:00:00,Bournemouth,Nottingham Forest,8.04,11.75,17,3,0,7,12,7,1,0,9,9,24,12,9.895,15.105,66.21000000000001
28863,2025-10-26 Everton-Tottenham,2025-10-26 15:30:00,Everton,Tottenham,13.421052631578949,17.0,,,,,,,,,,,,,15.210526315789474,9.789473684210526,
28867,2025-10-26 Wolverhampton Wanderers-Burnley,2025-10-26 13:00:00,Wolverhampton Wanderers,Burnley,8.875,14.555555555555555,,,,,,,,,,,,,11.715277777777779,13.284722222222221,
28868,2025-11-01 Brighton-Leeds,2025-11-01 15:00:00,Brighton,Leeds,14.80952380952381,22.6,,,,,,,,,,,,,18.704761904761906,6.295238095238094,
28869,2025-11-01 Burnley-Arsenal,2025-11-01 15:00:00,Burnley,Arsenal,15.55,12.157894736842104,10,2,0,9,8,13,1,0,7,6,23,9,13.853947368421053,11.146052631578947,54.29210526315789
28870,2025-11-01 Crystal Palace-Brentford,2025-11-01 15:00:00,Crystal Palace,Brentford,19.375,5.818181818181818,7,0,0,6,15,11,3,0,11,5,18,9,12.59659090909091,12.40340909090909,51.80681818181818
28871,2025-11-01 Fulham-Wolverhampton Wanderers,2025-11-01 15:00:00,Fulham,Wolverhampton Wanderers,12.833333333333334,21.3125,,,,,,,,,,,,,17.072916666666668,7.927083333333332,
28872,2025-11-01 Liverpool-Aston Villa,2025-11-01 20:00:00,Liverpool,Aston Villa,10.95,16.0625,13,2,0,10,6,11,3,0,7,6,24,15,13.50625,11.49375,61.9875
28874,2025-11-01 Nottingham Forest-Manchester United,2025-11-01 15:00:00,Nottingham Forest,Manchester United,13.695652173913045,9.470588235294118,,,,,,,,,,,,,11.583120204603581,13.416879795396419,
28876,2025-11-01 Tottenham-Chelsea,2025-11-01 17:30:00,Tottenham,Chelsea,8.56,7.0,,,,,,,,,,,,,7.78,17.22,
28873,2025-11-02 Manchester City-Bournemouth,2025-11-02 16:30:00,Manchester City,Bournemouth,20.1875,11.217391304347826,8,2,0,7,9,11,2,0,10,5,19,12,15.702445652173914,9.297554347826086,49.59510869565217
28877,2025-11-02 West Ham-Newcastle United,2025-11-02 14:00:00,West Ham,Newcastle United,23.58333333333333,8.882352941176471,,,,,,,,,,,,,16.2328431372549,8.7671568627451,
28875,2025-11-03 Sunderland-Everton,2025-11-03 20:00:00,Sunderland,Everton,8.238095238095237,23.153846153846157,10,3,0,10,6,11,2,0,5,6,21,15,15.695970695970697,9.304029304029303,54.608058608058606
28880,2025-11-08 Chelsea-Wolverhampton Wanderers,2025-11-08 20:00:00,Chelsea,Wolverhampton Wanderers,10.421052631578949,20.4,,,,,,,,,,,,,15.410526315789474,9.589473684210526,
28882,2025-11-08 Everton-Fulham,2025-11-08 15:00:00,Everton,Fulham,15.176470588235292,9.9,11,2,0,11,4,14,2,0,12,13,25,12,12.538235294117646,12.461764705882354,61.923529411764704
28885,2025-11-08 Sunderland-Arsenal,2025-11-08 17:30:00,Sunderland,Arsenal,13.466666666666669,9.4375,13,2,0,9,5,13,1,0,4,3,26,9,11.452083333333334,13.547916666666666,62.09583333333333
28886,2025-11-08 Tottenham-Manchester United,2025-11-08 12:30:00,Tottenham,Manchester United,7.724137931034483,13.31578947368421,,,,,,,,,,,,,10.519963702359346,14.480036297640654,
28887,2025-11-08 West Ham-Burnley,2025-11-08 15:00:00,West Ham,Burnley,15.45,10.526315789473683,,,,,,,,,,,,,12.98815789473684,12.01184210526316,
28878,2025-11-09 Aston Villa-Bournemouth,2025-11-09 14:00:00,Aston Villa,Bournemouth,5.793103448275862,6.814814814814815,8,2,0,13,8,20,2,0,9,12,28,12,6.303959131545339,18.69604086845466,77.39208173690932
28879,2025-11-09 Brentford-Newcastle United,2025-11-09 14:00:00,Brentford,Newcastle United,12.0,11.105263157894736,10,2,0,12,8,13,3,1,7,6,23,25,11.552631578947368,13.447368421052632,74.89473684210526
28881,2025-11-09 Crystal Palace-Brighton,2025-11-09 14:00:00,Crystal Palace,Brighton,11.76923076923077,10.0,10,1,0,14,15,12,4,0,11,4,22,15,10.884615384615385,14.115384615384615,65.23076923076923
28883,2025-11-09 Manchester City-Liverpool,2025-11-09 16:30:00,Manchester City,Liverpool,11.818181818181818,11.0,14,2,0,12,9,15,4,0,6,8,29,18,11.40909090909091,13.59090909090909,74.18181818181819
28884,2025-11-09 Nottingham Forest-Leeds,2025-11-09 14:00:00,Nottingham Forest,Leeds,15.166666666666666,9.35,,,,,,,,,,,,,12.258333333333333,12.741666666666667,
28888,2025-11-22 Bournemouth-West Ham,2025-11-22 15:00:00,Bournemouth,West Ham,2.303030303030303,21.727272727272727,,,,,,,,,,,,,12.015151515151516,12.984848484848484,
28890,2025-11-22 Brighton-Brentford,2025-11-22 15:00:00,Brighton,Brentford,7.48,17.4,10,4,0,11,7,9,2,0,8,13,19,18,12.44,12.56,62.120000000000005
28891,2025-11-22 Burnley-Chelsea,2025-11-22 12:30:00,Burnley,Chelsea,14.115384615384617,13.157894736842104,13,2,0,7,11,8,3,0,8,11,21,15,13.636639676113361,11.363360323886639,58.72672064777328
28892,2025-11-22 Fulham-Sunderland,2025-11-22 15:00:00,Fulham,Sunderland,14.133333333333333,13.095238095238097,5,3,0,6,7,13,3,0,9,11,18,18,13.614285714285714,11.385714285714286,58.77142857142857
28894,2025-11-22 Liverpool-Nottingham Forest,2025-11-22 15:00:00,Liverpool,Nottingham Forest,4.681818181818182,23.153846153846157,11,2,0,11,4,8,0,0,17,7,19,6,13.91783216783217,11.08216783216783,47.16433566433566
28896,2025-11-22 Newcastle United-Manchester City,2025-11-22 17:30:00,Newcastle United,Manchester City,11.681818181818182,7.722222222222222,12,1,0,11,4,8,3,0,9,7,20,12,9.702020202020202,15.297979797979798,62.5959595959596
28897,2025-11-22 Wolverhampton Wanderers-Crystal Palace,2025-11-22 15:00:00,Wolverhampton Wanderers,Crystal Palace,10.695652173913045,10.04,,,,,,,,,,,,,10.367826086956523,14.632173913043477,
28889,2025-11-23 Arsenal-Tottenham,2025-11-23 16:30:00,Arsenal,Tottenham,6.294117647058823,13.444444444444445,,,,,,,,,,,,,9.869281045751634,15.130718954248366,
28893,2025-11-23 Leeds-Aston Villa,2025-11-23 14:00:00,Leeds,Aston Villa,7.333333333333333,11.944444444444445,,,,,,,,,,,,,9.63888888888889,15.36111111111111,
28895,2025-11-24 Manchester United-Everton,2025-11-24 20:00:00,Manchester United,Everton,4.7727272727272725,28.666666666666668,,,,,,,,,,,,,16.71969696969697,8.280303030303031,
28899,2025-11-29 Brentford-Burnley,2025-11-29 15:00:00,Brentford,Burnley,14.642857142857142,11.894736842105264,7,0,0,8,10,7,2,0,19,6,14,6,13.268796992481203,11.731203007518797,43.462406015037594
28902,2025-11-29 Everton-Newcastle United,2025-11-29 17:30:00,Everton,Newcastle United,14.91304347826087,21.666666666666668,4,0,0,11,10,6,0,0,15,3,10,0,18.28985507246377,6.710144927536231,23.42028985507246
28903,2025-11-29 Manchester City-Leeds,2025-11-29 15:00:00,Manchester City,Leeds,12.294117647058824,8.366666666666667,,,,,,,,,,,,,10.330392156862747,14.669607843137253,
28905,2025-11-29 Sunderland-Bournemouth,2025-11-29 15:00:00,Sunderland,Bournemouth,9.9,7.722222222222222,14,5,0,9,7,13,5,1,10,7,27,40,8.811111111111112,16.18888888888889,99.37777777777778
28906,2025-11-29 Tottenham-Fulham,2025-11-29 20:00:00,Tottenham,Fulham,6.689655172413793,12.565217391304348,,,,,,,,,,,,,9.62743628185907,15.37256371814093,
28898,2025-11-30 Aston Villa-Wolverhampton Wanderers,2025-11-30 14:05:00,Aston Villa,Wolverhampton Wanderers,9.75,10.238095238095235,,,,,,,,,,,,,9.994047619047617,15.005952380952383,
28900,2025-11-30 Chelsea-Arsenal,2025-11-30 16:30:00,Chelsea,Arsenal,11.55,7.75,12,1,1,5,6,13,6,0,10,9,25,31,9.65,15.35,86.7
28901,2025-11-30 Crystal Palace-Manchester United,2025-11-30 12:00:00,Crystal Palace,Manchester United,12.68421052631579,8.947368421052632,,,,,,,,,,,,,10.81578947368421,14.18421052631579,
28904,2025-11-30 Nottingham Forest-Brighton,2025-11-30 14:05:00,Nottingham Forest,Brighton,13.173913043478262,9.88,11,0,0,14,7,10,1,0,12,13,21,3,11.52695652173913,13.47304347826087,50.94608695652174
28907,2025-11-30 West Ham-Liverpool,2025-11-30 14:05:00,West Ham,Liverpool,13.826086956521738,8.478260869565217,,,,,,,,,,,,,11.152173913043477,13.847826086956523,
28908,2025-12-02 Bournemouth-Everton,2025-12-02 19:30:00,Bournemouth,Everton,11.285714285714286,11.708333333333334,14,3,0,10,3,14,3,0,11,4,28,18,11.49702380952381,13.50297619047619,73.00595238095238
28912,2025-12-02 Fulham-Manchester City,2025-12-02 19:30:00,Fulham,Manchester City,10.038461538461538,17.636363636363637,9,0,0,12,12,7,1,0,8,17,16,3,13.837412587412587,11.162587412587413,41.32517482517483
28916,2025-12-02 Newcastle United-Tottenham,2025-12-02 20:15:00,Newcastle United,Tottenham,7.76,12.95,,,,,,,,,,,,,10.355,14.645,
28909,2025-12-03 Arsenal-Brentford,2025-12-03 19:30:00,Arsenal,Brentford,6.925925925925926,15.61111111111111,7,0,0,15,6,9,1,0,13,12,16,3,11.268518518518519,13.731481481481481,46.46296296296296
28910,2025-12-03 Brighton-Aston Villa,2025-12-03 19:30:00,Brighton,Aston Villa,6.0,14.421052631578949,10,2,0,13,10,9,2,0,13,4,19,12,10.210526315789474,14.789473684210526,60.578947368421055
28911,2025-12-03 Burnley-Crystal Palace,2025-12-03 19:30:00,Burnley,Crystal Palace,9.76,24.785714285714285,9,0,0,7,17,8,0,0,13,11,17,0,17.27285714285714,7.727142857142859,32.45428571428572
28913,2025-12-03 Leeds-Chelsea,2025-12-03 20:15:00,Leeds,Chelsea,23.88888888888889,5.714285714285714,,,,,,,,,,,,,14.801587301587302,10.198412698412698,
28914,2025-12-03 Liverpool-Sunderland,2025-12-03 20:15:00,Liverpool,Sunderland,9.470588235294118,19.33333333333333,10,1,0,9,5,5,1,0,8,9,15,6,14.401960784313722,10.598039215686278,42.196078431372555
28917,2025-12-03 Wolverhampton Wanderers-Nottingham Forest,2025-12-03 19:30:00,Wolverhampton Wanderers,Nottingham Forest,9.173913043478262,13.421052631578949,,,,,,,,,,,,,11.297482837528605,13.702517162471395,
28915,2025-12-04 Manchester United-West Ham,2025-12-04 20:00:00,Manchester United,West Ham,5.4,10.333333333333334,,,,,,,,,,,,,7.866666666666667,17.133333333333333,
28919,2025-12-06 Aston Villa-Arsenal,2025-12-06 12:30:00,Aston Villa,Arsenal,13.470588235294118,9.636363636363637,10,0,0,10,5,8,2,0,11,10,18,6,11.553475935828878,13.446524064171122,50.893048128342244
28918,2025-12-06 Bournemouth-Chelsea,2025-12-06 15:00:00,Bournemouth,Chelsea,11.076923076923077,8.15,15,0,0,12,13,13,2,0,12,10,28,6,9.61346153846154,15.38653846153846,64.77307692307693
28921,2025-12-06 Everton-Nottingham Forest,2025-12-06 15:00:00,Everton,Nottingham Forest,8.448275862068966,5.807692307692308,17,4,0,11,12,15,3,0,16,6,32,21,7.127984084880637,17.872015915119363,88.74403183023873
28923,2025-12-06 Leeds-Liverpool,2025-12-06 17:30:00,Leeds,Liverpool,15.0625,10.136363636363637,,,,,,,,,,,,,12.599431818181818,12.400568181818182,
28924,2025-12-06 Manchester City-Sunderland,2025-12-06 15:00:00,Manchester City,Sunderland,16.785714285714285,13.19047619047619,9,1,0,8,4,10,0,1,13,7,19,13,14.988095238095237,10.011904761904763,52.023809523809526
28925,2025-12-06 Newcastle United-Burnley,2025-12-06 15:00:00,Newcastle United,Burnley,7.166666666666667,22.846153846153847,9,2,0,15,1,11,2,1,7,7,20,22,15.006410256410257,9.993589743589743,61.98717948717949
28926,2025-12-06 Tottenham-Brentford,2025-12-06 15:00:00,Tottenham,Brentford,8.458333333333334,11.166666666666666,,,,,,,,,,,,,9.8125,15.1875,
28920,2025-12-07 Brighton-West Ham,2025-12-07 14:00:00,Brighton,West Ham,6.045454545454546,17.733333333333334,,,,,,,,,,,,,11.88939393939394,13.11060606060606,
28922,2025-12-07 Fulham-Crystal Palace,2025-12-07 16:30:00,Fulham,Crystal Palace,12.157894736842104,21.157894736842103,5,0,0,6,7,8,0,0,14,10,13,0,16.657894736842103,8.342105263157897,29.684210526315795
28927,2025-12-08 Wolverhampton Wanderers-Manchester United,2025-12-08 20:00:00,Wolverhampton Wanderers,Manchester United,8.054054054054054,4.583333333333333,,,,,,,,,,,,,6.318693693693694,18.681306306306304,
28928,2025-12-13 Arsenal-Wolverhampton Wanderers,2025-12-13 20:00:00,Arsenal,Wolverhampton Wanderers,9.416666666666666,15.2,,,,,,,,,,,,,12.308333333333334,12.691666666666666,
28930,2025-12-13 Burnley-Fulham,2025-12-13 17:30:00,Burnley,Fulham,13.565217391304348,23.83333333333333,8,1,0,7,8,8,2,0,13,9,16,9,18.699275362318836,6.300724637681164,37.60144927536233
28931,2025-12-13 Chelsea-Everton,2025-12-13 15:00:00,Chelsea,Everton,8.173913043478262,15.2,13,1,0,8,9,11,0,0,8,7,24,3,11.68695652173913,13.31304347826087,53.62608695652174
28933,2025-12-13 Liverpool-Brighton,2025-12-13 15:00:00,Liverpool,Brighton,18.3125,9.866666666666667,8,1,0,13,8,15,2,0,7,7,23,9,14.089583333333334,10.910416666666666,53.82083333333333
28929,2025-12-14 Brentford-Leeds,2025-12-14 16:30:00,Brentford,Leeds,8.65,18.3125,,,,,,,,,,,,,13.48125,11.51875,
28932,2025-12-14 Crystal Palace-Manchester City,2025-12-14 14:00:00,Crystal Palace,Manchester City,13.37037037037037,13.0,9,2,0,17,5,6,0,0,6,8,15,6,13.185185185185185,11.814814814814815,44.62962962962963
28935,2025-12-14 Nottingham Forest-Tottenham,2025-12-14 14:00:00,Nottingham Forest,Tottenham,8.36,7.884615384615385,,,,,,,,,,,,,8.122307692307693,16.877692307692307,
28936,2025-12-14 Sunderland-Newcastle United,2025-12-14 14:00:00,Sunderland,Newcastle United,11.652173913043478,10.4375,10,5,0,6,11,10,4,0,6,3,20,27,11.044836956521738,13.955163043478262,74.91032608695653
28937,2025-12-14 West Ham-Aston Villa,2025-12-14 14:00:00,West Ham,Aston Villa,12.428571428571429,10.857142857142858,,,,,,,,,,,,,11.642857142857142,13.357142857142858,
28934,2025-12-15 Manchester United-Bournemouth,2025-12-15 20:00:00,Manchester United,Bournemouth,6.055555555555555,13.538461538461538,,,,,,,,,,,,,9.797008547008547,15.202991452991453,
28938,2025-12-20 Bournemouth-Burnley,2025-12-20 15:00:00,Bournemouth,Burnley,5.5,10.590909090909092,11,1,0,16,8,11,1,0,9,9,22,6,8.045454545454547,16.954545454545453,61.90909090909091
28940,2025-12-20 Brighton-Sunderland,2025-12-20 15:00:00,Brighton,Sunderland,9.882352941176473,8.52,11,2,0,8,7,15,2,0,15,9,26,12,9.201176470588237,15.798823529411763,69.59764705882353
28941,2025-12-20 Everton-Arsenal,2025-12-20 20:00:00,Everton,Arsenal,24.11764705882353,13.857142857142858,4,2,0,12,8,5,2,0,9,6,9,12,18.98739495798319,6.0126050420168085,33.02521008403362
28943,2025-12-20 Leeds-Crystal Palace,2025-12-20 20:00:00,Leeds,Crystal Palace,10.473684210526317,8.758620689655173,,,,,,,,,,,,,9.616152450090745,15.383847549909255,
28944,2025-12-20 Manchester City-West Ham,2025-12-20 15:00:00,Manchester City,West Ham,7.757575757575758,19.09090909090909,,,,,,,,,,,,,13.424242424242424,11.575757575757576,
28945,2025-12-20 Newcastle United-Chelsea,2025-12-20 12:30:00,Newcastle United,Chelsea,8.296296296296296,9.15,13,3,0,8,14,14,6,0,9,13,27,27,8.723148148148148,16.276851851851852,86.5537037037037
28946,2025-12-20 Tottenham-Liverpool,2025-12-20 17:30:00,Tottenham,Liverpool,17.8125,12.23076923076923,,,,,,,,,,,,,15.021634615384615,9.978365384615385,
28947,2025-12-20 Wolverhampton Wanderers-Brentford,2025-12-20 15:00:00,Wolverhampton Wanderers,Brentford,13.318181818181818,6.233333333333333,,,,,,,,,,,,,9.775757575757575,15.224242424242425,
28939,2025-12-21 Aston Villa-Manchester United,2025-12-21 16:30:00,Aston Villa,Manchester United,11.521739130434783,5.789473684210527,,,,,,,,,,,,,8.655606407322654,16.344393592677346,
28942,2025-12-22 Fulham-Nottingham Forest,2025-12-22 20:00:00,Fulham,Nottingham Forest,23.58333333333333,16.0,5,5,0,12,11,9,4,0,3,8,14,27,19.791666666666664,5.208333333333336,51.41666666666667
28954,2025-12-26 Manchester United-Newcastle United,2025-12-26 20:00:00,Manchester United,Newcastle United,16.5,7.708333333333333,,,,,,,,,,,,,12.104166666666666,12.895833333333334,
28948,2025-12-27 Arsenal-Brighton,2025-12-27 15:00:00,Arsenal,Brighton,13.882352941176473,10.826086956521738,7,2,0,5,9,13,3,0,14,5,20,15,12.354219948849106,12.645780051150894,60.29156010230179
28949,2025-12-27 Brentford-Bournemouth,2025-12-27 15:00:00,Brentford,Bournemouth,8.3,6.866666666666666,9,2,0,9,9,8,2,0,14,8,17,12,7.583333333333334,17.416666666666664,63.83333333333333
28950,2025-12-27 Burnley-Everton,2025-12-27 15:00:00,Burnley,Everton,8.428571428571429,11.61904761904762,8,0,0,11,4,8,2,0,15,10,16,6,10.023809523809526,14.976190476190474,51.95238095238095
28951,2025-12-27 Chelsea-Aston Villa,2025-12-27 17:30:00,Chelsea,Aston Villa,4.794871794871795,40.57142857142857,16,5,0,19,9,8,3,0,2,4,24,24,22.683150183150182,2.3168498168498175,52.633699633699635
28953,2025-12-27 Liverpool-Wolverhampton Wanderers,2025-12-27 15:00:00,Liverpool,Wolverhampton Wanderers,7.434782608695652,13.409090909090908,,,,,,,,,,,,,10.421936758893281,14.578063241106719,
28955,2025-12-27 Nottingham Forest-Manchester City,2025-12-27 12:30:00,Nottingham Forest,Manchester City,18.6875,6.476190476190476,5,1,0,11,8,13,2,0,8,4,18,9,12.581845238095237,12.418154761904763,51.836309523809526
28957,2025-12-27 West Ham-Fulham,2025-12-27 15:00:00,West Ham,Fulham,12.35,10.0,,,,,,,,,,,,,11.175,13.825,
28952,2025-12-28 Crystal Palace-Tottenham,2025-12-28 16:30:00,Crystal Palace,Tottenham,7.260869565217392,33.111111111111114,,,,,,,,,,,,,20.185990338164252,4.8140096618357475,
28956,2025-12-28 Sunderland-Leeds,2025-12-28 14:00:00,Sunderland,Leeds,20.33333333333333,9.863636363636363,,,,,,,,,,,,,15.098484848484846,9.901515151515154,
28958,2025-12-30 Arsenal-Aston Villa,2025-12-30 20:15:00,Arsenal,Aston Villa,8.451612903225806,21.375,18,2,0,7,8,9,3,0,4,3,27,15,14.913306451612904,10.086693548387096,62.17338709677419
28960,2025-12-30 Burnley-Newcastle United,2025-12-30 19:30:00,Burnley,Newcastle United,12.26086956521739,11.5,9,2,0,13,11,3,1,0,10,11,12,9,11.880434782608695,13.119565217391305,47.23913043478261
28961,2025-12-30 Chelsea-Bournemouth,2025-12-30 19:30:00,Chelsea,Bournemouth,4.958333333333333,15.8125,5,1,0,9,8,12,1,0,12,15,17,6,10.385416666666666,14.614583333333334,52.22916666666667
28964,2025-12-30 Manchester United-Wolverhampton Wanderers,2025-12-30 20:15:00,Manchester United,Wolverhampton Wanderers,7.666666666666667,17.41176470588235,,,,,,,,,,,,,12.53921568627451,12.46078431372549,
28965,2025-12-30 Nottingham Forest-Everton,2025-12-30 19:30:00,Nottingham Forest,Everton,5.555555555555555,13.434782608695652,11,1,0,15,5,9,0,0,12,9,20,3,9.495169082125603,15.504830917874397,54.009661835748794
28967,2025-12-30 West Ham-Brighton,2025-12-30 19:30:00,West Ham,Brighton,14.523809523809524,6.846153846153846,,,,,,,,,,,,,10.684981684981684,14.315018315018316,
28959,2026-01-01 Brentford-Tottenham,2026-01-01 20:00:00,Brentford,Tottenham,7.607142857142857,18.9375,,,,,,,,,,,,,13.272321428571429,11.727678571428571,
28962,2026-01-01 Crystal Palace-Fulham,2026-01-01 17:30:00,Crystal Palace,Fulham,25.76923076923077,8.12,7,0,0,9,8,10,5,0,10,9,17,15,16.944615384615386,8.055384615384614,48.11076923076923
28963,2026-01-01 Liverpool-Leeds,2026-01-01 17:30:00,Liverpool,Leeds,6.521739130434782,17.5,,,,,,,,,,,,,12.01086956521739,12.98913043478261,
28966,2026-01-01 Sunderland-Manchester City,2026-01-01 20:00:00,Sunderland,Manchester City,8.54054054054054,5.6923076923076925,9,1,0,15,16,6,1,0,16,12,15,6,7.116424116424117,17.883575883575883,56.767151767151766
28972,2026-01-03 Aston Villa-Nottingham Forest,2026-01-03 12:30:00,Aston Villa,Nottingham Forest,4.03030303030303,14.608695652173912,10,1,0,9,11,20,2,0,9,14,30,9,9.31949934123847,15.68050065876153,70.36100131752306
28971,2026-01-03 Bournemouth-Arsenal,2026-01-03 17:30:00,Bournemouth,Arsenal,15.625,7.954545454545454,13,3,0,12,4,8,1,0,10,6,21,12,11.789772727272727,13.210227272727273,59.42045454545455
28973,2026-01-03 Brighton-Burnley,2026-01-03 15:00:00,Brighton,Burnley,12.263157894736842,14.20689655172414,7,0,0,9,7,16,4,0,12,4,23,12,13.235027223230492,11.764972776769508,58.529945553539015
28970,2026-01-03 Wolverhampton Wanderers-West Ham,2026-01-03 15:00:00,Wolverhampton Wanderers,West Ham,28.0,5.21875,,,,,,,,,,,,,16.609375,8.390625,
28974,2026-01-04 Everton-Brentford,2026-01-04 15:00:00,Everton,Brentford,11.0,9.2,9,0,0,14,7,8,2,0,9,12,17,6,10.1,14.9,52.8
28975,2026-01-04 Fulham-Liverpool,2026-01-04 15:00:00,Fulham,Liverpool,18.666666666666668,20.285714285714285,11,1,0,8,10,4,1,0,5,4,15,6,19.476190476190474,5.5238095238095255,32.04761904761905
28976,2026-01-04 Leeds-Manchester United,2026-01-04 12:30:00,Leeds,Manchester United,8.82857142857143,10.5,,,,,,,,,,,,,9.664285714285715,15.335714285714285,
28977,2026-01-04 Manchester City-Chelsea,2026-01-04 17:30:00,Manchester City,Chelsea,8.212121212121213,13.16,12,3,0,19,7,14,3,0,10,13,26,18,10.686060606060607,14.313939393939393,72.62787878787879
28968,2026-01-04 Newcastle United-Crystal Palace,2026-01-04 15:00:00,Newcastle United,Crystal Palace,9.1875,9.266666666666667,5,1,0,8,7,12,3,0,11,10,17,12,9.227083333333333,15.772916666666667,60.545833333333334
28969,2026-01-04 Tottenham-Sunderland,2026-01-04 15:00:00,Tottenham,Sunderland,7.407407407407407,8.25,,,,,,,,,,,,,7.828703703703704,17.171296296296298,
28987,2026-01-06 West Ham-Nottingham Forest,2026-01-06 20:00:00,West Ham,Nottingham Forest,9.947368421052632,12.0,,,,,,,,,,,,,10.973684210526315,14.026315789473685,
28979,2026-01-07 Bournemouth-Tottenham,2026-01-07 19:30:00,Bournemouth,Tottenham,9.071428571428571,9.22222222222222,,,,,,,,,,,,,9.146825396825395,15.853174603174605,
28981,2026-01-07 Brentford-Sunderland,2026-01-07 19:30:00,Brentford,Sunderland,14.1875,10.63157894736842,13,2,0,3,7,13,1,0,6,9,26,9,12.409539473684209,12.590460526315791,60.18092105263158
28982,2026-01-07 Burnley-Manchester United,2026-01-07 20:15:00,Burnley,Manchester United,11.807692307692308,8.333333333333334,,,,,,,,,,,,,10.070512820512821,14.929487179487179,
28983,2026-01-07 Crystal Palace-Aston Villa,2026-01-07 19:30:00,Crystal Palace,Aston Villa,19.33333333333333,13.466666666666669,8,2,0,6,3,3,0,0,8,6,11,6,16.4,8.600000000000001,34.2
28978,2026-01-07 Everton-Wolverhampton Wanderers,2026-01-07 19:30:00,Everton,Wolverhampton Wanderers,10.208333333333334,10.526315789473683,,,,,,,,,,,,,10.367324561403509,14.632675438596491,
28984,2026-01-07 Fulham-Chelsea,2026-01-07 19:30:00,Fulham,Chelsea,10.592592592592592,12.608695652173912,11,3,0,10,8,6,3,1,9,8,17,28,11.600644122383251,13.399355877616749,71.7987117552335
28985,2026-01-07 Manchester City-Brighton,2026-01-07 19:30:00,Manchester City,Brighton,9.592592592592592,12.4,6,1,0,12,20,16,6,0,12,19,22,21,10.996296296296297,14.003703703703703,71.00740740740741
28986,2026-01-07 Newcastle United-Leeds,2026-01-07 20:15:00,Newcastle United,Leeds,8.15,10.933333333333334,,,,,,,,,,,,,9.541666666666668,15.458333333333332,
28980,2026-01-08 Arsenal-Liverpool,2026-01-08 20:00:00,Arsenal,Liverpool,13.38095238095238,19.181818181818183,10,2,0,6,7,9,2,0,7,8,19,12,16.281385281385283,8.718614718614717,48.43722943722943
28990,2026-01-17 Chelsea-Brentford,2026-01-17 15:00:00,Chelsea,Brentford,17.941176470588236,10.538461538461538,7,3,0,9,11,10,2,0,9,7,17,15,14.239819004524886,10.760180995475114,53.52036199095023
28991,2026-01-17 Leeds-Fulham,2026-01-17 15:00:00,Leeds,Fulham,17.157894736842106,11.8,,,,,,,,,,,,,14.478947368421053,10.521052631578947,
28992,2026-01-17 Liverpool-Burnley,2026-01-17 15:00:00,Liverpool,Burnley,6.941176470588236,16.58823529411765,8,1,0,5,8,10,2,0,7,9,18,9,11.764705882352942,13.235294117647058,53.470588235294116
28993,2026-01-17 Manchester United-Manchester City,2026-01-17 12:30:00,Manchester United,Manchester City,15.85,6.571428571428571,,,,,,,,,,,,,11.210714285714285,13.789285714285715,
28994,2026-01-17 Nottingham Forest-Arsenal,2026-01-17 17:30:00,Nottingham Forest,Arsenal,31.55555555555556,6.3,8,1,0,5,6,14,1,0,7,4,22,6,18.92777777777778,6.072222222222219,40.14444444444444
28995,2026-01-17 Sunderland-Crystal Palace,2026-01-17 15:00:00,Sunderland,Crystal Palace,8.157894736842104,12.15,8,3,0,9,9,15,3,0,7,8,23,18,10.153947368421052,14.846052631578948,70.6921052631579
28996,2026-01-17 Tottenham-West Ham,2026-01-17 15:00:00,Tottenham,West Ham,5.793103448275862,12.05,,,,,,,,,,,,,8.921551724137931,16.07844827586207,
28988,2026-01-18 Aston Villa-Everton,2026-01-18 16:30:00,Aston Villa,Everton,7.894736842105263,11.25,15,1,0,7,5,13,2,0,11,13,28,9,9.572368421052632,15.427631578947368,67.85526315789474
28997,2026-01-18 Wolverhampton Wanderers-Newcastle United,2026-01-18 14:00:00,Wolverhampton Wanderers,Newcastle United,25.0,7.6,,,,,,,,,,,,,16.3,8.7,
28989,2026-01-19 Brighton-Bournemouth,2026-01-19 20:00:00,Brighton,Bournemouth,6.65,22.384615384615383,7,2,0,10,1,6,3,0,5,17,13,15,14.517307692307693,10.482692307692307,48.965384615384615
28998,2026-01-24 Bournemouth-Liverpool,2026-01-24 17:30:00,Bournemouth,Liverpool,34.0,9.875,7,1,0,12,12,7,1,0,7,3,14,6,21.9375,3.0625,26.125
29001,2026-01-24 Burnley-Tottenham,2026-01-24 15:00:00,Burnley,Tottenham,11.724137931034482,7.518518518518518,,,,,,,,,,,,,9.6213282247765,15.3786717752235,
29004,2026-01-24 Fulham-Brighton,2026-01-24 15:00:00,Fulham,Brighton,17.529411764705884,13.652173913043478,10,1,0,8,7,6,1,0,9,12,16,6,15.59079283887468,9.40920716112532,40.81841432225064
29005,2026-01-24 Manchester City-Wolverhampton Wanderers,2026-01-24 15:00:00,Manchester City,Wolverhampton Wanderers,5.923076923076923,20.61111111111111,,,,,,,,,,,,,13.267094017094017,11.732905982905983,
29007,2026-01-24 West Ham-Sunderland,2026-01-24 12:30:00,West Ham,Sunderland,13.944444444444445,8.590909090909092,,,,,,,,,,,,,11.267676767676768,13.732323232323232,
28999,2026-01-25 Arsenal-Manchester United,2026-01-25 16:30:00,Arsenal,Manchester United,8.608695652173912,12.058823529411764,,,,,,,,,,,,,10.333759590792837,14.666240409207163,
29000,2026-01-25 Brentford-Nottingham Forest,2026-01-25 14:00:00,Brentford,Nottingham Forest,5.307692307692308,17.0,11,1,0,6,15,10,0,0,12,9,21,3,11.153846153846153,13.846153846153847,51.69230769230769
29002,2026-01-25 Crystal Palace-Chelsea,2026-01-25 14:00:00,Crystal Palace,Chelsea,17.416666666666668,9.307692307692308,11,4,1,7,10,10,2,0,11,14,21,28,13.362179487179489,11.637820512820511,72.27564102564102
29006,2026-01-25 Newcastle United-Aston Villa,2026-01-25 14:00:00,Newcastle United,Aston Villa,6.545454545454546,11.291666666666666,7,1,0,16,5,12,2,0,13,7,19,9,8.918560606060606,16.081439393939394,60.16287878787879
29003,2026-01-26 Everton-Leeds,2026-01-26 20:00:00,Everton,Leeds,12.77777777777778,10.272727272727272,,,,,,,,,,,,,11.525252525252526,13.474747474747474,
29010,2026-01-31 Brighton-Everton,2026-01-31 15:00:00,Brighton,Everton,7.333333333333333,16.555555555555557,13,1,0,8,9,14,2,0,14,5,27,9,11.944444444444445,13.055555555555555,62.111111111111114
29009,2026-01-31 Chelsea-West Ham,2026-01-31 17:30:00,Chelsea,West Ham,5.038461538461538,32.333333333333336,,,,,,,,,,,,,18.685897435897438,6.314102564102562,
29015,2026-01-31 Leeds-Arsenal,2026-01-31 15:00:00,Leeds,Arsenal,9.590909090909092,12.210526315789474,,,,,,,,,,,,,10.900717703349283,14.099282296650717,
29014,2026-01-31 Liverpool-Newcastle United,2026-01-31 20:00:00,Liverpool,Newcastle United,10.052631578947368,17.083333333333332,11,1,0,10,6,7,3,0,7,7,18,12,13.56798245614035,11.43201754385965,52.8640350877193
29017,2026-01-31 Wolverhampton Wanderers-Bournemouth,2026-01-31 15:00:00,Wolverhampton Wanderers,Bournemouth,13.571428571428571,12.208333333333334,,,,,,,,,,,,,12.889880952380953,12.110119047619047,
29008,2026-02-01 Aston Villa-Brentford,2026-02-01 14:00:00,Aston Villa,Brentford,8.625,18.23076923076923,8,0,0,11,3,8,3,1,5,13,16,19,13.427884615384615,11.572115384615385,58.144230769230774
29012,2026-02-01 Manchester United-Fulham,2026-02-01 14:00:00,Manchester United,Fulham,19.352941176470587,11.842105263157896,,,,,,,,,,,,,15.597523219814242,9.402476780185758,
29013,2026-02-01 Nottingham Forest-Crystal Palace,2026-02-01 14:00:00,Nottingham Forest,Crystal Palace,34.75,4.645161290322581,4,1,1,11,10,12,3,0,10,5,16,22,19.697580645161292,5.302419354838708,48.604838709677416
29016,2026-02-01 Tottenham-Manchester City,2026-02-01 16:30:00,Tottenham,Manchester City,11.633333333333333,9.6,,,,,,,,,,,,,10.616666666666667,14.383333333333333,
29011,2026-02-02 Sunderland-Burnley,2026-02-02 20:00:00,Sunderland,Burnley,19.666666666666668,10.695652173913045,12,1,0,7,9,10,4,0,11,4,22,15,15.181159420289855,9.818840579710145,56.63768115942029
29023,2026-02-06 Leeds-Nottingham Forest,2026-02-06 20:00:00,Leeds,Nottingham Forest,9.15,21.5,,,,,,,,,,,,,15.325,9.675,
29019,2026-02-07 Arsenal-Sunderland,2026-02-07 15:00:00,Arsenal,Sunderland,9.076923076923077,13.714285714285714,11,1,0,7,11,8,2,0,7,6,19,9,11.395604395604394,13.604395604395606,55.20879120879121
29018,2026-02-07 Bournemouth-Aston Villa,2026-02-07 15:00:00,Bournemouth,Aston Villa,11.941176470588236,13.588235294117649,4,1,0,7,10,11,1,0,12,7,15,6,12.764705882352942,12.235294117647058,45.470588235294116
29021,2026-02-07 Burnley-West Ham,2026-02-07 15:00:00,Burnley,West Ham,11.434782608695652,14.466666666666669,,,,,,,,,,,,,12.95072463768116,12.04927536231884,
29022,2026-02-07 Fulham-Everton,2026-02-07 15:00:00,Fulham,Everton,12.823529411764708,12.727272727272728,11,1,0,12,8,12,5,0,10,8,23,18,12.775401069518718,12.224598930481282,65.44919786096256
29025,2026-02-07 Manchester United-Tottenham,2026-02-07 12:30:00,Manchester United,Tottenham,8.954545454545455,20.2,,,,,,,,,,,,,14.577272727272728,10.422727272727272,
29026,2026-02-07 Newcastle United-Brentford,2026-02-07 17:30:00,Newcastle United,Brentford,17.333333333333332,11.05,14,2,0,6,3,18,2,0,10,3,32,12,14.191666666666666,10.808333333333334,65.61666666666667
29027,2026-02-07 Wolverhampton Wanderers-Chelsea,2026-02-07 15:00:00,Wolverhampton Wanderers,Chelsea,34.6,9.48,,,,,,,,,,,,,22.04,2.960000000000001,
29020,2026-02-08 Brighton-Crystal Palace,2026-02-08 14:00:00,Brighton,Crystal Palace,7.571428571428571,20.444444444444443,12,1,0,7,3,9,3,0,11,10,21,12,14.007936507936506,10.992063492063494,54.98412698412699
29024,2026-02-08 Liverpool-Manchester City,2026-02-08 16:30:00,Liverpool,Manchester City,19.666666666666668,7.44,13,2,1,10,6,16,4,0,8,10,29,28,13.553333333333335,11.446666666666665,79.89333333333333
29030,2026-02-10 Chelsea-Leeds,2026-02-10 19:30:00,Chelsea,Leeds,10.4,24.764705882352946,,,,,,,,,,,,,17.582352941176474,7.417647058823526,
29032,2026-02-10 Everton-Bournemouth,2026-02-10 19:30:00,Everton,Bournemouth,8.4,13.0,14,1,1,6,8,15,3,0,10,7,29,22,10.7,14.3,79.6
29036,2026-02-10 Tottenham-Newcastle United,2026-02-10 19:30:00,Tottenham,Newcastle United,7.363636363636363,8.407407407407407,,,,,,,,,,,,,7.885521885521885,17.114478114478114,
29037,2026-02-10 West Ham-Manchester United,2026-02-10 20:15:00,West Ham,Manchester United,15.714285714285714,10.666666666666666,,,,,,,,,,,,,13.19047619047619,11.80952380952381,
29028,2026-02-11 Aston Villa-Brighton,2026-02-11 19:30:00,Aston Villa,Brighton,16.142857142857142,8.379310344827585,9,2,0,5,7,15,3,0,10,14,24,15,12.261083743842363,12.738916256157637,64.47783251231527
29031,2026-02-11 Crystal Palace-Burnley,2026-02-11 19:30:00,Crystal Palace,Burnley,7.684210526315789,18.705882352941178,11,2,0,9,8,8,1,0,8,7,19,9,13.195046439628484,11.804953560371516,51.60990712074303
29033,2026-02-11 Manchester City-Fulham,2026-02-11 19:30:00,Manchester City,Fulham,14.571428571428571,17.476190476190474,8,3,0,11,8,10,1,0,14,8,18,12,16.023809523809522,8.976190476190478,47.952380952380956
29034,2026-02-11 Nottingham Forest-Wolverhampton Wanderers,2026-02-11 19:30:00,Nottingham Forest,Wolverhampton Wanderers,7.181818181818182,9.916666666666666,,,,,,,,,,,,,8.549242424242424,16.450757575757578,
29035,2026-02-11 Sunderland-Liverpool,2026-02-11 20:15:00,Sunderland,Liverpool,11.421052631578949,9.857142857142858,8,1,0,7,8,10,0,0,9,5,18,3,10.639097744360903,14.360902255639097,49.721804511278194
29029,2026-02-12 Brentford-Arsenal,2026-02-12 20:00:00,Brentford,Arsenal,9.523809523809524,8.090909090909092,12,3,0,6,12,11,2,0,11,4,23,15,8.807359307359308,16.192640692640694,70.38528138528139
29087,2026-02-18 Wolverhampton Wanderers-Arsenal,2026-02-18 20:00:00,Wolverhampton Wanderers,Arsenal,11.444444444444445,8.208333333333334,,,,,,,,,,,,,9.82638888888889,15.17361111111111,
29038,2026-02-21 Aston Villa-Leeds,2026-02-21 15:00:00,Aston Villa,Leeds,5.333333333333333,9.88,,,,,,,,,,,,,7.606666666666667,17.39333333333333,
29039,2026-02-21 Brentford-Brighton,2026-02-21 15:00:00,Brentford,Brighton,15.307692307692308,9.037037037037036,9,1,0,5,10,14,2,0,8,9,23,9,12.172364672364672,12.827635327635328,57.655270655270655
29040,2026-02-21 Chelsea-Burnley,2026-02-21 15:00:00,Chelsea,Burnley,7.681818181818182,15.63157894736842,13,4,1,8,9,11,2,0,7,14,24,28,11.6566985645933,13.3433014354067,78.6866028708134
29043,2026-02-21 Manchester City-Newcastle United,2026-02-21 20:00:00,Manchester City,Newcastle United,9.565217391304348,8.192307692307692,12,2,0,15,5,13,5,0,10,4,25,21,8.878762541806019,16.12123745819398,78.24247491638796
29047,2026-02-21 West Ham-Bournemouth,2026-02-21 17:30:00,West Ham,Bournemouth,12.454545454545457,7.6521739130434785,,,,,,,,,,,,,10.053359683794469,14.946640316205531,
29041,2026-02-22 Crystal Palace-Wolverhampton Wanderers,2026-02-22 14:00:00,Crystal Palace,Wolverhampton Wanderers,6.05,10.0,,,,,,,,,,,,,8.025,16.975,
29044,2026-02-22 Nottingham Forest-Liverpool,2026-02-22 14:00:00,Nottingham Forest,Liverpool,10.6,9.090909090909092,13,2,0,13,11,9,0,0,7,9,22,6,9.845454545454546,15.154545454545454,58.30909090909091
29045,2026-02-22 Sunderland-Fulham,2026-02-22 14:00:00,Sunderland,Fulham,16.416666666666668,12.047619047619047,6,1,0,7,5,13,1,0,10,10,19,6,14.232142857142858,10.767857142857142,46.535714285714285
29046,2026-02-22 Tottenham-Arsenal,2026-02-22 16:30:00,Tottenham,Arsenal,7.464285714285714,5.733333333333333,,,,,,,,,,,,,6.598809523809524,18.401190476190475,
29042,2026-02-23 Everton-Manchester United,2026-02-23 20:00:00,Everton,Manchester United,10.958333333333334,13.833333333333334,,,,,,,,,,,,,12.395833333333334,12.604166666666666,
29057,2026-02-27 Wolverhampton Wanderers-Aston Villa,2026-02-27 20:00:00,Wolverhampton Wanderers,Aston Villa,17.105263157894736,5.333333333333333,,,,,,,,,,,,,11.219298245614034,13.780701754385966,
29048,2026-02-28 Bournemouth-Sunderland,2026-02-28 12:30:00,Bournemouth,Sunderland,4.777777777777778,5.911764705882353,15,4,0,10,14,12,2,0,15,6,27,18,5.344771241830065,19.655228758169933,84.31045751633987
29051,2026-02-28 Burnley-Brentford,2026-02-28 15:00:00,Burnley,Brentford,16.176470588235293,6.555555555555555,9,2,0,7,3,9,2,0,11,7,18,12,11.366013071895424,13.633986928104576,57.26797385620915
29053,2026-02-28 Leeds-Manchester City,2026-02-28 17:30:00,Leeds,Manchester City,15.35,17.0,,,,,,,,,,,,,16.175,8.825,
29054,2026-02-28 Liverpool-West Ham,2026-02-28 15:00:00,Liverpool,West Ham,9.416666666666666,7.423076923076923,,,,,,,,,,,,,8.419871794871796,16.580128205128204,
29056,2026-02-28 Newcastle United-Everton,2026-02-28 15:00:00,Newcastle United,Everton,4.866666666666666,16.0,15,2,0,5,4,7,3,0,14,9,22,15,10.433333333333334,14.566666666666666,66.13333333333333
29049,2026-03-01 Arsenal-Chelsea,2026-03-01 16:30:00,Arsenal,Chelsea,15.181818181818182,8.952380952380953,11,1,0,10,5,14,5,1,9,12,25,28,12.067099567099568,12.932900432900432,78.86580086580086
29050,2026-03-01 Brighton-Nottingham Forest,2026-03-01 14:00:00,Brighton,Nottingham Forest,9.413793103448276,14.904761904761903,12,3,0,10,6,13,1,0,4,8,25,12,12.15927750410509,12.84072249589491,62.68144499178982
29052,2026-03-01 Fulham-Tottenham,2026-03-01 14:00:00,Fulham,Tottenham,10.476190476190476,12.434782608695652,,,,,,,,,,,,,11.455486542443065,13.544513457556935,
29055,2026-03-01 Manchester United-Crystal Palace,2026-03-01 14:00:00,Manchester United,Crystal Palace,11.19047619047619,14.857142857142858,,,,,,,,,,,,,13.023809523809524,11.976190476190476,
29058,2026-03-03 Bournemouth-Brentford,2026-03-03 19:30:00,Bournemouth,Brentford,10.416666666666666,8.363636363636363,9,2,0,9,12,10,1,0,3,6,19,9,9.390151515151516,15.609848484848484,59.21969696969697
29061,2026-03-03 Everton-Burnley,2026-03-03 19:30:00,Everton,Burnley,12.041666666666666,14.238095238095235,10,0,0,14,8,12,1,0,10,15,22,3,13.13988095238095,11.86011904761905,48.7202380952381
29063,2026-03-03 Leeds-Sunderland,2026-03-03 19:30:00,Leeds,Sunderland,3.962962962962963,15.476190476190476,,,,,,,,,,,,,9.71957671957672,15.28042328042328,
29067,2026-03-03 Wolverhampton Wanderers-Liverpool,2026-03-03 20:15:00,Wolverhampton Wanderers,Liverpool,22.357142857142858,7.142857142857143,,,,,,,,,,,,,14.75,10.25,
29059,2026-03-04 Aston Villa-Chelsea,2026-03-04 19:30:00,Aston Villa,Chelsea,22.88888888888889,12.666666666666666,10,3,0,8,7,9,2,0,6,8,19,15,17.77777777777778,7.222222222222221,48.44444444444444
29060,2026-03-04 Brighton-Arsenal,2026-03-04 19:30:00,Brighton,Arsenal,7.125,12.142857142857142,14,4,0,16,12,12,1,0,5,9,26,15,9.633928571428571,15.366071428571429,71.73214285714286
29062,2026-03-04 Fulham-West Ham,2026-03-04 19:30:00,Fulham,West Ham,10.590909090909092,18.94117647058824,,,,,,,,,,,,,14.766042780748666,10.233957219251334,
29064,2026-03-04 Manchester City-Nottingham Forest,2026-03-04 19:30:00,Manchester City,Nottingham Forest,10.63157894736842,27.58333333333333,10,0,0,6,5,6,4,0,13,6,16,12,19.107456140350873,5.892543859649127,39.785087719298254
29065,2026-03-04 Newcastle United-Manchester United,2026-03-04 20:15:00,Newcastle United,Manchester United,8.62962962962963,6.821428571428571,,,,,,,,,,,,,7.7255291005291005,17.2744708994709,
29066,2026-03-05 Tottenham-Crystal Palace,2026-03-05 20:00:00,Tottenham,Crystal Palace,13.857142857142858,10.529411764705882,,,,,,,,,,,,,12.193277310924369,12.806722689075631,
29068,2026-03-14 Arsenal-Everton,2026-03-14 17:30:00,Arsenal,Everton,7.782608695652174,15.666666666666666,11,0,0,13,4,12,0,0,8,16,23,0,11.72463768115942,13.27536231884058,49.55072463768116
29070,2026-03-14 Burnley-Bournemouth,2026-03-14 15:00:00,Burnley,Bournemouth,12.65,9.538461538461538,11,1,0,8,3,5,0,0,16,12,16,3,11.09423076923077,13.90576923076923,46.81153846153846
29071,2026-03-14 Chelsea-Newcastle United,2026-03-14 17:30:00,Chelsea,Newcastle United,10.647058823529411,17.31578947368421,9,2,0,5,10,10,2,0,9,7,19,12,13.98142414860681,11.01857585139319,53.03715170278638
29076,2026-03-14 Sunderland-Brighton,2026-03-14 15:00:00,Sunderland,Brighton,20.07692307692308,8.68,7,1,0,4,4,12,2,0,17,12,19,9,14.37846153846154,10.62153846153846,49.24307692307692
29077,2026-03-14 West Ham-Manchester City,2026-03-14 20:00:00,West Ham,Manchester City,17.227272727272727,9.25,,,,,,,,,,,,,13.238636363636363,11.761363636363637,
29072,2026-03-15 Crystal Palace-Leeds,2026-03-15 14:00:00,Crystal Palace,Leeds,8.166666666666666,17.615384615384617,,,,,,,,,,,,,12.891025641025642,12.108974358974358,
29073,2026-03-15 Liverpool-Tottenham,2026-03-15 16:30:00,Liverpool,Tottenham,5.538461538461538,13.15,,,,,,,,,,,,,9.34423076923077,15.65576923076923,
29074,2026-03-15 Manchester United-Aston Villa,2026-03-15 14:00:00,Manchester United,Aston Villa,9.727272727272728,17.333333333333332,,,,,,,,,,,,,13.530303030303031,11.469696969696969,
29075,2026-03-15 Nottingham Forest-Fulham,2026-03-15 14:00:00,Nottingham Forest,Fulham,21.53846153846154,12.25,8,2,0,7,6,10,3,0,10,9,18,15,16.89423076923077,8.10576923076923,49.21153846153846
29069,2026-03-16 Brentford-Wolverhampton Wanderers,2026-03-16 20:00:00,Brentford,Wolverhampton Wanderers,8.928571428571429,13.647058823529411,,,,,,,,,,,,,11.28781512605042,13.71218487394958,
29078,2026-03-20 Bournemouth-Manchester United,2026-03-20 20:00:00,Bournemouth,Manchester United,10.9,12.095238095238097,,,,,,,,,,,,,11.497619047619049,13.502380952380951,
29080,2026-03-21 Brighton-Liverpool,2026-03-21 12:30:00,Brighton,Liverpool,11.5,11.125,11,5,0,6,6,12,5,0,5,12,23,30,11.3125,13.6875,80.375
29081,2026-03-21 Everton-Chelsea,2026-03-21 17:30:00,Everton,Chelsea,29.307692307692307,11.833333333333334,5,0,0,11,7,7,2,0,7,6,12,6,20.57051282051282,4.429487179487179,26.858974358974358
29082,2026-03-21 Fulham-Burnley,2026-03-21 15:00:00,Fulham,Burnley,16.133333333333333,20.923076923076923,6,2,0,13,5,9,2,1,6,8,15,22,18.52820512820513,6.47179487179487,49.94358974358974
29083,2026-03-21 Leeds-Brentford,2026-03-21 20:00:00,Leeds,Brentford,8.818181818181818,12.166666666666666,,,,,,,,,,,,,10.492424242424242,14.507575757575758,
29079,2026-03-22 Aston Villa-West Ham,2026-03-22 14:15:00,Aston Villa,West Ham,14.666666666666666,15.529411764705882,,,,,,,,,,,,,15.098039215686274,9.901960784313726,
29085,2026-03-22 Newcastle United-Sunderland,2026-03-22 12:00:00,Newcastle United,Sunderland,6.235294117647059,11.045454545454543,8,1,0,9,6,19,6,0,14,4,27,21,8.6403743315508,16.359625668449198,80.7192513368984
29086,2026-03-22 Tottenham-Nottingham Forest,2026-03-22 14:15:00,Tottenham,Nottingham Forest,6.071428571428571,9.84,,,,,,,,,,,,,7.9557142857142855,17.044285714285714,
29091,2026-04-10 West Ham-Wolverhampton Wanderers,2026-04-10 19:00:00,West Ham,Wolverhampton Wanderers,13.55,9.333333333333334,,,,,,,,,,,,,11.441666666666666,13.558333333333334,
29092,2026-04-11 Arsenal-Bournemouth,2026-04-11 11:30:00,Arsenal,Bournemouth,9.304347826086955,8.0,12,1,0,11,7,18,3,0,11,8,30,12,8.652173913043477,16.347826086956523,74.69565217391305
29093,2026-04-11 Brentford-Everton,2026-04-11 14:00:00,Brentford,Everton,10.944444444444445,10.782608695652174,6,0,0,8,8,7,2,0,9,7,13,6,10.86352657004831,14.13647342995169,47.272946859903385
29094,2026-04-11 Burnley-Brighton,2026-04-11 14:00:00,Burnley,Brighton,18.3125,7.8,7,2,0,7,10,11,1,0,21,14,18,9,13.05625,11.94375,50.8875
29097,2026-04-11 Liverpool-Fulham,2026-04-11 16:30:00,Liverpool,Fulham,10.043478260869565,13.65,10,0,0,11,7,4,0,0,11,15,14,0,11.846739130434782,13.153260869565218,40.30652173913043
29095,2026-04-12 Chelsea-Manchester City,2026-04-12 15:30:00,Chelsea,Manchester City,25.846153846153847,8.592592592592593,10,3,0,10,5,14,1,0,8,8,24,12,17.21937321937322,7.780626780626779,51.56125356125356
29096,2026-04-12 Crystal Palace-Newcastle United,2026-04-12 13:00:00,Crystal Palace,Newcastle United,10.172413793103448,10.833333333333334,17,0,0,11,13,12,3,0,4,11,29,9,10.50287356321839,14.49712643678161,66.99425287356323
29089,2026-04-12 Nottingham Forest-Aston Villa,2026-04-12 13:00:00,Nottingham Forest,Aston Villa,10.814814814814817,10.375,15,2,0,12,8,10,2,0,5,8,25,12,10.594907407407408,14.405092592592592,65.81018518518519
29090,2026-04-12 Sunderland-Tottenham,2026-04-12 13:00:00,Sunderland,Tottenham,7.133333333333334,10.947368421052632,,,,,,,,,,,,,9.040350877192983,15.959649122807017,
29088,2026-04-13 Manchester United-Leeds,2026-04-13 19:00:00,Manchester United,Leeds,10.391304347826088,12.714285714285714,,,,,,,,,,,,,11.5527950310559,13.4472049689441,
29099,2026-04-18 Brentford-Fulham,2026-04-18 11:30:00,Brentford,Fulham,13.35,13.27777777777778,8,0,0,7,3,13,1,0,8,4,21,3,13.31388888888889,11.68611111111111,47.37222222222222
29100,2026-04-18 Chelsea-Manchester United,2026-04-18 19:00:00,Chelsea,Manchester United,11.347826086956522,28.384615384615383,,,,,,,,,,,,,19.86622073578595,5.1337792642140485,
29103,2026-04-18 Leeds-Wolverhampton Wanderers,2026-04-18 14:00:00,Leeds,Wolverhampton Wanderers,10.36842105263158,11.64,,,,,,,,,,,,,11.004210526315791,13.995789473684209,
29105,2026-04-18 Newcastle United-Bournemouth,2026-04-18 14:00:00,Newcastle United,Bournemouth,8.0,10.523809523809524,11,2,0,8,2,12,4,0,14,5,23,18,9.261904761904763,15.738095238095237,72.47619047619048
29107,2026-04-18 Tottenham-Brighton,2026-04-18 16:30:00,Tottenham,Brighton,12.444444444444445,5.636363636363637,,,,,,,,,,,,,9.040404040404042,15.959595959595958,
29098,2026-04-19 Aston Villa-Sunderland,2026-04-19 13:00:00,Aston Villa,Sunderland,13.470588235294118,12.052631578947368,11,1,0,5,5,11,3,0,8,7,22,12,12.761609907120743,12.238390092879257,58.476780185758514
29102,2026-04-19 Everton-Liverpool,2026-04-19 13:00:00,Everton,Liverpool,14.9,8.909090909090908,8,2,0,18,8,12,0,0,8,9,20,6,11.904545454545454,13.095454545454546,52.19090909090909
29104,2026-04-19 Manchester City-Arsenal,2026-04-19 15:30:00,Manchester City,Arsenal,13.461538461538462,9.153846153846152,5,2,0,9,8,12,2,0,14,5,17,12,11.307692307692307,13.692307692307693,56.38461538461539
29106,2026-04-19 Nottingham Forest-Burnley,2026-04-19 13:00:00,Nottingham Forest,Burnley,14.45,10.214285714285714,8,0,0,9,4,12,2,0,11,12,20,6,12.332142857142856,12.667857142857144,51.33571428571429
29101,2026-04-20 Crystal Palace-West Ham,2026-04-20 19:00:00,Crystal Palace,West Ham,10.27777777777778,10.32,,,,,,,,,,,,,10.29888888888889,14.70111111111111,
29110,2026-04-21 Brighton-Chelsea,2026-04-21 19:00:00,Brighton,Chelsea,10.23076923076923,22.214285714285715,15,1,0,10,7,5,1,0,3,8,20,6,16.222527472527474,8.777472527472526,43.55494505494505
29108,2026-04-22 Bournemouth-Leeds,2026-04-22 19:00:00,Bournemouth,Leeds,8.842105263157896,10.4,,,,,,,,,,,,,9.621052631578948,15.378947368421052,
29111,2026-04-22 Burnley-Manchester City,2026-04-22 19:00:00,Burnley,Manchester City,16.05,10.454545454545457,10,0,0,13,12,12,0,0,10,13,22,0,13.252272727272729,11.747727272727271,45.49545454545454
29115,2026-04-24 Sunderland-Nottingham Forest,2026-04-24 19:00:00,Sunderland,Nottingham Forest,5.409090909090909,10.65,13,2,0,8,10,15,5,0,8,9,28,21,8.029545454545454,16.970454545454544,82.94090909090909
29109,2026-04-25 Arsenal-Newcastle United,2026-04-25 16:30:00,Arsenal,Newcastle United,14.88888888888889,8.818181818181818,13,2,0,8,10,10,2,0,7,12,23,12,11.853535353535353,13.146464646464647,61.292929292929294
29112,2026-04-25 Fulham-Aston Villa,2026-04-25 11:30:00,Fulham,Aston Villa,9.27777777777778,8.894736842105264,14,2,0,13,15,12,2,0,10,6,26,12,9.086257309941523,15.913742690058477,69.82748538011695
29113,2026-04-25 Liverpool-Crystal Palace,2026-04-25 14:00:00,Liverpool,Crystal Palace,15.235294117647058,15.444444444444445,10,1,0,6,4,10,3,0,10,9,20,12,15.33986928104575,9.66013071895425,51.3202614379085
29116,2026-04-25 West Ham-Everton,2026-04-25 14:00:00,West Ham,Everton,9.653846153846152,11.941176470588236,,,,,,,,,,,,,10.797511312217193,14.202488687782807,
29117,2026-04-25 Wolverhampton Wanderers-Tottenham,2026-04-25 14:00:00,Wolverhampton Wanderers,Tottenham,13.5,4.857142857142857,,,,,,,,,,,,,9.178571428571429,15.821428571428571,
29114,2026-04-27 Manchester United-Brentford,2026-04-27 19:00:00,Manchester United,Brentford,13.0,9.958333333333334,,,,,,,,,,,,,11.479166666666668,13.520833333333332,
29124,2026-05-01 Leeds-Burnley,2026-05-01 19:00:00,Leeds,Burnley,11.172413793103448,12.95,,,,,,,,,,,,,12.061206896551724,12.938793103448276,
29119,2026-05-02 Arsenal-Fulham,2026-05-02 16:30:00,Arsenal,Fulham,14.5,13.681818181818182,7,0,0,4,10,12,1,0,17,5,19,3,14.09090909090909,10.90909090909091,43.81818181818182
29121,2026-05-02 Brentford-West Ham,2026-05-02 14:00:00,Brentford,West Ham,9.333333333333334,7.818181818181818,,,,,,,,,,,,,8.575757575757576,16.424242424242422,
29126,2026-05-02 Newcastle United-Brighton,2026-05-02 14:00:00,Newcastle United,Brighton,21.363636363636363,7.411764705882353,10,3,0,9,6,12,3,0,8,3,22,18,14.387700534759357,10.612299465240643,61.224598930481285
29127,2026-05-02 Wolverhampton Wanderers-Sunderland,2026-05-02 14:00:00,Wolverhampton Wanderers,Sunderland,8.117647058823529,13.105263157894736,,,,,,,,,,,,,10.611455108359133,14.388544891640867,
29120,2026-05-03 Aston Villa-Tottenham,2026-05-03 18:00:00,Aston Villa,Tottenham,9.5,11.6,,,,,,,,,,,,,10.55,14.45,
29118,2026-05-03 Bournemouth-Crystal Palace,2026-05-03 13:00:00,Bournemouth,Crystal Palace,10.318181818181818,9.904761904761903,10,0,0,10,7,11,2,0,9,4,21,6,10.11147186147186,14.88852813852814,56.777056277056275
29125,2026-05-03 Manchester United-Liverpool,2026-05-03 14:30:00,Manchester United,Liverpool,12.391304347826088,9.7,,,,,,,,,,,,,11.045652173913044,13.954347826086956,
29122,2026-05-04 Chelsea-Nottingham Forest,2026-05-04 14:00:00,Chelsea,Nottingham Forest,8.041666666666666,23.125,12,3,0,6,6,10,1,0,11,9,22,12,15.583333333333332,9.416666666666668,52.833333333333336
29123,2026-05-04 Everton-Manchester City,2026-05-04 19:00:00,Everton,Manchester City,16.470588235294116,6.466666666666667,15,4,0,11,4,5,1,0,13,2,20,15,11.468627450980392,13.531372549019608,62.062745098039215
29128,2026-05-09 Brighton-Wolverhampton Wanderers,2026-05-09 14:00:00,Brighton,Wolverhampton Wanderers,4.275862068965517,25.571428571428573,,,,,,,,,,,,,14.923645320197044,10.076354679802956,
29131,2026-05-09 Fulham-Bournemouth,2026-05-09 14:00:00,Fulham,Bournemouth,11.833333333333334,13.521739130434783,12,4,1,12,5,21,2,1,8,4,33,38,12.677536231884059,12.322463768115941,95.64492753623188
29132,2026-05-09 Liverpool-Chelsea,2026-05-09 11:30:00,Liverpool,Chelsea,12.28,9.12121212121212,17,2,0,7,7,17,4,0,9,10,34,18,10.70060606060606,14.29939393939394,80.59878787878787
29133,2026-05-09 Manchester City-Brentford,2026-05-09 16:30:00,Manchester City,Brentford,7.28,7.666666666666667,8,4,0,8,5,14,2,0,13,10,22,18,7.473333333333334,17.526666666666667,75.05333333333334
29135,2026-05-09 Sunderland-Manchester United,2026-05-09 14:00:00,Sunderland,Manchester United,13.555555555555555,12.761904761904765,,,,,,,,,,,,,13.15873015873016,11.84126984126984,
29129,2026-05-10 Burnley-Aston Villa,2026-05-10 13:00:00,Burnley,Aston Villa,11.25,7.875,17,1,0,13,10,8,1,0,8,4,25,6,9.5625,15.4375,61.875
29130,2026-05-10 Crystal Palace-Everton,2026-05-10 13:00:00,Crystal Palace,Everton,6.380952380952381,16.214285714285715,5,0,0,8,4,13,2,0,7,6,18,6,11.297619047619047,13.702380952380953,51.404761904761905
29134,2026-05-10 Nottingham Forest-Newcastle United,2026-05-10 13:00:00,Nottingham Forest,Newcastle United,17.0,8.142857142857142,16,2,0,9,2,11,0,0,9,8,27,6,12.571428571428571,12.428571428571429,57.85714285714286
29137,2026-05-10 West Ham-Arsenal,2026-05-10 15:30:00,West Ham,Arsenal,15.4375,6.0,,,,,,,,,,,,,10.71875,14.28125,
